Date,Open,High,Low,Close,Volume,Turnover
2011/1/4,61.55,61.6,61.3,61.3,11093,681759
2011/1/5,61.1,61.35,59.9,60.3,20764,1255031
2011/1/6,60.25,60.3,59.95,60.2,6884,413507
2011/1/7,60.25,60.35,59.4,59.65,12301,735134
2011/1/10,59.75,59.9,59.55,59.85,4242,253246
2011/1/11,59.7,61,59.7,60.85,12746,771066
2011/1/12,61,61.25,60.9,61.1,5713,348896
2011/1/13,61.25,61.4,60.8,61.05,10157,621141
2011/1/14,60.95,61.1,60.8,61,7318,446642
2011/1/17,61.15,61.25,60.7,60.85,5094,310234
2011/1/18,60.55,61.55,60.5,61.35,9691,592468
2011/1/19,61.35,62.15,61.35,62.05,15346,948522
2011/1/20,62,62,61.6,61.65,5217,321862
2011/1/21,61.1,61.45,60.55,61,11628,708962
2011/1/24,61,61.2,60.9,60.95,17732,1081664
2011/1/25,61.45,61.7,61.4,61.45,18634,1147595
2011/1/26,61.45,62.1,61.45,62,20931,1294265
2011/1/27,62.05,62.7,62.05,62.45,17157,1071020
2011/1/28,62.5,63,62.45,63,11849,743247
2011/2/8,63.05,63.2,62.4,62.6,11116,697463
2011/2/9,62.5,62.6,61.7,62,12233,758615
2011/2/10,61.6,61.6,60.75,60.85,22906,1397844
2011/2/11,60.4,60.4,58.5,58.9,43872,2616283
2011/2/14,59.05,59.65,59.05,59.4,11080,657605
2011/2/15,59.4,59.9,58.65,59.75,9825,584164
2011/2/16,59.8,60.1,59.6,59.85,20566,1232166
2011/2/17,59.75,59.8,59.4,59.65,6957,414980
2011/2/18,60,60.85,59.95,60.65,9832,594818
2011/2/21,60.4,60.8,60.15,60.65,14830,898301
2011/2/22,60.3,60.3,59.3,59.85,31461,1872708
2011/2/23,59.45,59.7,58.8,59,28150,1669981
2011/2/24,59,59.55,59,59,28689,1699444
2011/2/25,59.3,59.65,58.45,59.5,34453,2033280
2011/3/1,59.7,60.05,59.5,59.95,8004,478921
2011/3/2,59.45,59.9,59.4,59.45,22951,1369551
2011/3/3,59.55,60.3,59.5,60.2,28035,1677338
2011/3/4,60.5,60.7,60.4,60.65,12109,733065
2011/3/7,60.5,60.5,60,60.2,14595,877236
2011/3/8,60.05,60.4,60.05,60.25,2591,156203
2011/3/9,60.55,60.65,60,60.2,11164,672708
2011/3/10,60.15,60.25,59.3,59.5,8148,485402
2011/3/11,59.05,59.05,58.4,58.85,22485,1319230
2011/3/14,58.6,58.9,57.65,58.8,28009,1633886
2011/3/15,58.7,58.7,55.6,57.5,62123,3543816
2011/3/16,58,58.05,57.25,57.3,20894,1202366
2011/3/17,56.8,57.3,56.5,57.3,20326,1156135
2011/3/18,57.7,57.8,57.35,57.75,13046,751748
2011/3/21,57.9,58.5,57.8,58.1,18789,1093703
2011/3/22,58.5,58.7,58.35,58.4,17030,996810
2011/3/23,58.4,58.65,58.15,58.5,13061,763909
2011/3/24,58.85,59,58.55,58.75,13113,771550
2011/3/25,59.05,59.65,59.05,59.35,12812,759378
2011/3/28,59.25,59.3,58.85,59.15,6845,404102
2011/3/29,58.9,59.3,58.75,59.25,5978,353260
2011/3/30,59.4,59.8,59.25,59.6,11142,663979
2011/3/31,59.5,59.7,59.1,59.55,8065,479324
2011/4/1,59.6,59.85,59.6,59.85,9617,574322
2011/4/6,60,61.4,60,61.15,30708,1869610
2011/4/7,61.35,61.4,60.95,61.3,20231,1236839
2011/4/8,61.25,61.5,61,61.1,11890,728184
2011/4/11,61.1,61.2,60.75,61.1,16414,999424
2011/4/12,60.8,60.8,59.85,60.05,14750,887467
2011/4/13,59.9,60.4,59.75,60.4,9152,549444
2011/4/14,60.45,60.7,60.05,60.35,5749,346819
2011/4/15,60.4,60.45,59.6,59.65,3910,234240
2011/4/18,59.75,59.95,59.45,59.55,5205,310862
2011/4/19,59.35,59.35,58.8,59.2,14046,828487
2011/4/20,59.5,60.35,59.5,60.3,11997,720350
2011/4/21,60.95,61.8,60.95,61.7,34319,2109854
2011/4/22,61.8,61.8,61.45,61.6,22106,1360632
2011/4/25,61.9,62,61.25,61.45,26925,1655178
2011/4/26,60.9,61.35,60.7,61.2,23838,1453700
2011/4/27,61.75,62.25,61.75,62.15,46503,2886914
2011/4/28,62.25,62.5,62,62.15,30767,1914440
2011/4/29,62,62.4,61.65,62,50488,3134707
2011/5/3,62.2,62.3,61.5,62.15,26662,1648531
2011/5/4,61.6,61.8,61.1,61.8,19730,1212549
2011/5/5,61.4,62.35,61.3,62.25,22314,1383076
2011/5/6,61.9,62.05,61.65,61.95,24043,1488028
2011/5/9,62.1,62.6,61.9,62.3,15562,970801
2011/5/10,62.3,62.3,62.05,62.3,8415,523328
2011/5/11,62.5,62.5,61.95,62.05,9691,602825
2011/5/12,61.7,62.4,61.55,62.25,17884,1106476
2011/5/13,62.25,62.25,61.9,62.05,7629,473374
2011/5/16,61.95,61.95,61.25,61.3,16445,1012125
2011/5/17,61.2,61.45,60.95,61.25,16744,1023691
2011/5/18,61.2,61.6,61.15,61.6,5865,359579
2011/5/19,61.6,62.1,61.05,61.05,17154,1057116
2011/5/20,61.25,61.5,60.9,61.1,15265,934690
2011/5/23,60.8,60.8,60,60.35,38595,2327333
2011/5/24,60.3,60.45,60.05,60.45,26104,1573208
2011/5/25,60.1,60.4,59.8,60.25,22810,1369586
2011/5/26,60.35,60.85,60.2,60.85,7274,439654
2011/5/27,60.65,61,60.5,60.6,11666,708465
2011/5/30,60.4,60.75,60,60.5,10602,640954
2011/5/31,60.8,62,60.8,62,10825,665428
2011/6/1,62,62.45,61.85,62.35,26709,1662146
2011/6/2,62,62.15,61.8,61.9,18610,1153779
2011/6/3,62,62.25,61.75,62.2,14877,923388
2011/6/7,61.9,62.25,61.55,62.2,10968,678820
2011/6/8,62.05,62.25,61.85,62,14003,869599
2011/6/9,61.8,62.1,61.8,62,8666,537319
2011/6/10,62.15,62.2,60.5,60.55,27188,1664895
2011/6/13,60.25,60.25,59.6,59.75,21850,1309107
2011/6/14,60,60.75,59.8,60.75,11523,695093
2011/6/15,60.7,60.7,59.8,60.5,11156,670740
2011/6/16,59.9,59.9,59.3,59.4,23032,1370265
2011/6/17,59.6,59.7,59,59.2,20766,1230364
2011/6/20,59.4,59.5,58.55,58.6,21507,1267010
2011/6/21,59,59.2,58.65,59.05,15220,896564
2011/6/22,59.5,59.5,58.8,59.2,11737,694121
2011/6/23,58.95,59.1,58.6,58.65,15138,889061
2011/6/24,58.7,58.7,58,58.2,27219,1582931
2011/6/27,57.5,57.85,57.2,57.8,27066,1553984
2011/6/28,58.05,58.15,57.5,57.65,11858,686234
2011/6/29,58,58.75,57.9,58.65,16311,952014
2011/6/30,58.8,59,58.55,58.85,8335,490030
2011/7/1,59.2,59.8,59.2,59.7,13965,831822
2011/7/4,59.9,60.2,59.9,60.05,18909,1135645
2011/7/5,60,60.1,59.75,59.95,12622,756315
2011/7/6,60,60.7,60,60.6,13485,816467
2011/7/7,60.7,60.7,60.15,60.35,11109,669904
2011/7/8,60.5,60.7,59.9,60.05,14932,899593
2011/7/11,59.85,59.95,59.4,59.65,11993,714983
2011/7/12,59.1,59.1,58.45,58.7,48066,2820749
2011/7/13,58.65,59,58.45,58.7,39175,2299380
2011/7/14,59,59.05,58.45,58.9,39805,2337248
2011/7/15,59,59.25,58.7,59.2,18410,1085949
2011/7/18,59.15,59.2,58.4,59,20727,1219850
2011/7/19,58.85,59.05,58.65,58.9,8282,487389
2011/7/20,59.5,60.5,59.5,60.45,18866,1133065
2011/7/21,60.45,60.6,60.35,60.6,10880,657753
2011/7/22,60.85,61.15,60.8,61,22667,1382242
2011/7/25,60.5,60.85,60.2,60.4,8426,510022
2011/7/26,60.5,61.3,60.5,61.2,15898,970105
2011/7/27,61.2,61.45,61.05,61.35,8730,534834
2011/7/28,60.8,61,60.5,60.85,12995,789603
2011/7/29,60.75,60.9,59.9,59.9,13903,837041
2011/8/1,60.5,60.5,60.15,60.35,9200,554874
2011/8/2,59.9,59.9,59.4,59.55,16234,966367
2011/8/3,58.85,58.85,58.2,58.6,41980,2455504
2011/8/4,58.6,58.85,57.8,57.85,40428,2355743
2011/8/5,55.7,55.7,54.45,54.45,93525,5148697
2011/8/8,54.3,54.65,51.4,53.5,88159,4704481
2011/8/9,51,53.5,50.4,53,137681,7110075
2011/8/10,53.95,54.25,53.4,54.1,51751,2787726
2011/8/11,53.2,54.5,52.7,54.1,35421,1898917
2011/8/12,54.7,54.85,53.4,53.55,38053,2056415
2011/8/15,54.2,54.6,54.1,54.6,13373,727558
2011/8/16,54.8,55,54.1,54.35,14509,791675
2011/8/17,54.35,54.5,53.8,53.95,16712,903174
2011/8/18,53.4,53.45,52.65,52.95,29569,1568453
2011/8/19,51.8,51.9,51.1,51.1,46327,2387285
2011/8/22,51.3,52.45,51.05,51.5,36786,1899903
2011/8/23,52.1,53.35,51.75,53.3,25871,1358144
2011/8/24,53.4,53.4,52.1,52.6,25953,1369369
2011/8/25,53.2,53.3,52.35,52.35,16449,870084
2011/8/26,52.8,53.25,52.6,53.05,19422,1029089
2011/8/29,53.1,54.1,53.1,53.8,21400,1151627
2011/8/30,54,54.4,53.85,54.2,18853,1020787
2011/8/31,54.1,54.6,53.9,54.55,17722,962971
2011/9/1,55.05,56.1,55.05,55.15,35887,1996647
2011/9/2,55.15,55.3,54.65,55.15,14570,801215
2011/9/5,53.95,53.95,53.4,53.6,20965,1125983
2011/9/6,53.3,53.35,52.3,52.55,25736,1358382
2011/9/7,53.35,53.6,52.9,53.55,15671,834398
2011/9/8,54,54.15,53.45,53.7,14965,805907
2011/9/9,53.55,54.75,53.55,54.15,21152,1147001
2011/9/13,53.6,53.75,52.55,52.65,26541,1405765
2011/9/14,53.15,53.2,51.3,51.6,40374,2097393
2011/9/15,52.7,53.05,52.3,52.85,26023,1371411
2011/9/16,53.5,54.15,53.5,54.1,32473,1752374
2011/9/19,53.85,53.85,53.05,53.2,17268,921332
2011/9/20,53.35,53.7,52.5,53.4,18364,975273
2011/9/21,53.4,53.95,53,53.6,9745,521580
2011/9/22,52.6,52.6,51.85,52.1,29986,1562676
2011/9/23,50.5,50.85,49.93,50.35,64026,3218883
2011/9/26,50.25,50.3,49.3,49.32,42235,2104176
2011/9/27,50.5,51.15,50.5,51.1,29805,1515167
2011/9/28,51.2,51.3,50.9,51.15,18621,951922
2011/9/29,50.65,51.75,50.6,51.6,14168,727089
2011/9/30,51.45,51.9,51.25,51.65,11847,610860
2011/10/3,50.75,51,50.15,50.3,26725,1348926
2011/10/4,49.9,50.75,49.5,50.75,19460,975289
2011/10/5,50.9,50.95,50.2,50.25,13796,696382
2011/10/6,51.15,51.55,51,51.25,21006,1077780
2011/10/7,51.8,52.15,51.5,51.55,18355,951463
2011/10/11,52.75,53,52.7,53,24634,1302666
2011/10/12,52.85,53.1,52.5,52.85,10379,548500
2011/10/13,53.2,53.2,52.65,52.8,12110,640452
2011/10/14,52.6,52.9,52.45,52.45,9844,518191
2011/10/17,53.1,53.45,52.8,53.1,12185,647427
2011/10/18,52.5,52.7,52.2,52.55,18730,982604
2011/10/19,52.6,52.75,52.3,52.35,15305,804184
2011/10/20,52.55,52.65,51.75,51.75,19221,1000529
2011/10/21,51.8,51.95,51.55,51.95,16994,879235
2011/10/24,52.45,53.6,52.45,53.6,27555,1469394
2011/10/25,53.65,53.7,53.45,53.6,23611,1265807
2011/10/26,51.6,52.15,51.3,52.15,24027,1242830
2011/10/27,52.15,52.3,51.75,52.25,23253,1210818
2011/10/28,53.4,53.45,52.35,52.4,36430,1926724
2011/10/31,52.8,52.95,52.1,52.2,16940,888579
2011/11/1,52.2,52.85,51.85,52.55,10921,572049
2011/11/2,51.6,52.5,51.45,52.4,23426,1214958
2011/11/3,52,52,51.45,51.45,29386,1517922
2011/11/4,52.2,52.6,52.1,52.3,19731,1034982
2011/11/7,52.3,52.55,52.15,52.4,5859,306927
2011/11/8,52.4,52.85,52.15,52.15,13172,691115
2011/11/9,52.5,52.6,52.1,52.2,9946,520522
2011/11/10,51.25,51.25,50.2,50.55,59839,3037844
2011/11/11,50.65,51.05,50.5,50.9,15852,804453
2011/11/14,51.75,52.25,51.75,52.15,22866,1190191
2011/11/15,52.05,52.1,51.75,51.85,6808,353585
2011/11/16,52.15,52.3,51.1,51.2,20232,1044690
2011/11/17,50.9,51.35,50.5,51.35,16466,838254
2011/11/18,50.7,50.8,50.25,50.3,39882,2013948
2011/11/21,49.9,49.9,49.12,49.23,46585,2301242
2011/11/22,49.23,49.47,48.83,49.02,37161,1824551
2011/11/23,48.8,48.86,47.7,47.85,55897,2689306
2011/11/24,47.8,48.03,47.28,47.86,38817,1852250
2011/11/25,48.24,48.46,47.05,47.44,31967,1522906
2011/11/28,48.08,48.3,47.85,48.29,17183,825538
2011/11/29,48.75,48.75,48.2,48.72,13679,663430
2011/11/30,48.5,48.53,47.75,48.08,13561,652493
2011/12/1,49.6,50.6,49.6,50.3,50086,2509005
2011/12/2,50.1,50.25,49.6,49.82,11023,549623
2011/12/5,49.82,49.82,49.2,49.66,9433,467490
2011/12/6,49.5,49.5,48.67,48.69,14698,719938
2011/12/7,49,49.33,49,49.2,15033,739327
2011/12/8,49.01,49.01,48.4,48.86,14793,720228
2011/12/9,48,48.63,48,48.24,18170,877077
2011/12/12,48.94,49.09,48.63,48.8,12180,595326
2011/12/13,48.37,48.78,48.17,48.55,9931,480826
2011/12/14,48.54,48.6,48.17,48.59,5908,286097
2011/12/15,48.01,48.01,47.5,47.5,21987,1049187
2011/12/16,47.65,47.81,47.45,47.7,15183,723476
2011/12/19,47.4,47.4,46.61,46.74,25844,1212667
2011/12/20,47.05,47.27,46.91,47,7950,374291
2011/12/21,48.55,49.3,48.55,49.28,31925,1563040
2011/12/22,49.27,49.32,48.99,49.16,17260,849274
2011/12/23,49.89,50.25,49.79,50,28469,1423513
2011/12/26,50,50.05,49.8,49.95,11438,571147
2011/12/27,49.85,50,49.62,49.85,15628,778536
2011/12/28,49.75,49.87,49.52,49.57,13472,669505
2011/12/29,49.5,49.72,49.22,49.61,13638,675608
2011/12/30,50,50.15,49.59,49.81,19591,975739
2012/1/2,49.45,49.6,48.94,49.06,11332,556761
2012/1/3,49.5,49.95,49.4,49.7,19462,968039
2012/1/4,49.9,50.15,49.78,50,23081,1153015
2012/1/5,50.1,50.15,49.91,50.15,21098,1055242
2012/1/6,50.1,50.25,49.85,50,28344,1418225
2012/1/9,49.9,49.95,49.63,49.81,14068,700803
2012/1/10,50.2,50.7,50.2,50.7,29306,1480715
2012/1/11,50.7,50.8,50.6,50.65,13542,686837
2012/1/12,50.7,50.85,50.5,50.75,18822,954957
2012/1/13,51.15,51.25,50.75,50.85,39263,2004902
2012/1/16,51.05,51.1,49.75,50.05,28880,1450782
2012/1/17,50.35,50.6,50.1,50.55,15798,795641
2012/1/18,50.55,50.75,50.3,50.4,12507,631832
2012/1/30,51.4,52.3,51.4,51.8,34219,1780543
2012/1/31,52,52.4,51.75,51.95,20611,1073539
2012/2/1,52.2,52.5,52,52.3,24095,1259527
2012/2/2,52.7,52.95,52.5,52.9,20430,1078026
2012/2/3,52.95,53.05,52.75,53.05,35675,1889356
2012/2/4,53.35,53.8,53.35,53.65,35193,1885937
2012/2/6,53.5,53.5,53.15,53.2,18164,968437
2012/2/7,53.3,53.6,53.05,53.3,19816,1056102
2012/2/8,53.5,54.45,53.5,54.45,39001,2103272
2012/2/9,54.05,54.4,53.9,54.4,36140,1956533
2012/2/10,54.25,54.55,53.95,53.95,28592,1549003
2012/2/13,54,54.35,53.75,54.2,26861,1452199
2012/2/14,54.05,54.25,53.6,54,23406,1264230
2012/2/15,54.3,55,54.2,54.9,41672,2276166
2012/2/16,54.65,54.85,54.2,54.25,22868,1247878
2012/2/17,54.8,55.2,54.35,54.75,35449,1943346
2012/2/20,54.8,55.05,54.5,54.7,31809,1739727
2012/2/21,54.5,54.75,54,54.5,15256,828325
2012/2/22,54.3,55.1,54.2,54.85,17125,937733
2012/2/23,54.55,54.75,54.4,54.6,9186,501210
2012/2/24,54.6,54.85,54.25,54.75,9154,499477
2012/2/29,55.25,56,55.25,56,28925,1612404
2012/3/1,55.95,56.2,55.85,55.9,20105,1126510
2012/3/2,56,56.1,55.55,55.6,9085,506340
2012/3/3,55.5,55.55,55.3,55.4,9222,510988
2012/3/5,55.3,55.35,54.8,54.85,17881,981913
2012/3/6,54.9,55.05,54.1,54.6,16219,883460
2012/3/7,54,54.5,54,54.4,11161,605164
2012/3/8,54.4,54.9,54.15,54.7,15209,830033
2012/3/9,54.7,55.05,54.45,54.95,12919,708020
2012/3/12,55,55,54.35,54.35,10019,547428
2012/3/13,54.6,55.3,54.6,55.1,18507,1018488
2012/3/14,56.05,56.2,55.75,55.9,23964,1341865
2012/3/15,55.75,55.9,55.5,55.65,7324,407921
2012/3/16,55.5,55.7,55.4,55.4,8512,472801
2012/3/19,55.45,55.65,54.8,55.25,13387,737059
2012/3/20,55.35,55.35,54.7,54.85,6615,363472
2012/3/21,54.85,55.2,54.8,54.85,7561,415736
2012/3/22,54.95,55.75,54.95,55.6,12652,702269
2012/3/23,55.45,55.6,55.3,55.45,5430,300935
2012/3/26,55,55.25,54.45,54.55,9787,535419
2012/3/27,54.8,55.25,54.75,55.25,10106,555806
2012/3/28,55.45,55.85,55.2,55.45,12035,667844
2012/3/29,55.2,55.2,54.35,54.7,10461,571796
2012/3/30,54.5,54.9,54.2,54.9,8895,485425
2012/4/2,54.9,54.9,54.5,54.7,4413,241357
2012/4/3,54.85,54.9,54.1,54.25,9362,509304
2012/4/5,53.45,53.8,53.05,53.65,14639,781567
2012/4/6,53.6,53.85,53.4,53.75,15955,856068
2012/4/9,53,53.5,52.7,53.1,18842,1001376
2012/4/10,53.55,53.6,52.9,53.1,6630,353298
2012/4/11,52.7,53.45,52.7,53.3,12286,652939
2012/4/12,53.05,53.4,52.85,53.35,9450,502035
2012/4/13,53.8,54.05,53.65,53.95,8535,459863
2012/4/16,53.45,53.8,53.45,53.8,5519,296281
2012/4/17,53.9,53.9,52.9,52.9,21792,1160268
2012/4/18,53.5,53.5,52.95,53,11436,607457
2012/4/19,53.05,53.2,52.5,53.05,9679,511702
2012/4/20,52.9,52.95,52.3,52.35,15623,820875
2012/4/23,52.3,52.4,51.85,52.3,18552,966264
2012/4/24,52.25,52.65,52.05,52.4,6803,355503
2012/4/25,52.6,52.8,52.45,52.7,3255,171343
2012/4/26,52.8,52.85,52.2,52.3,5918,310769
2012/4/27,52.6,53.05,52.1,52.2,12943,678336
2012/4/30,52.1,52.1,51.65,52.05,12293,637993
2012/5/2,52.25,53.35,52.2,53.35,12133,642019
2012/5/3,53.25,53.25,52.95,53.1,5178,274835
2012/5/4,52.8,53.3,52.65,53.2,11425,605745
2012/5/7,52.45,52.45,51.85,52.05,21312,1110096
2012/5/8,52.2,52.25,51.9,52.05,9194,478410
2012/5/9,51.65,51.85,51.35,51.7,22881,1179702
2012/5/10,51.6,52,51.55,51.7,7133,368955
2012/5/11,51.6,51.6,51.05,51.15,29046,1486046
2012/5/14,51.3,51.3,50.95,51.2,10201,521119
2012/5/15,50.9,51.2,50.55,51.2,21664,1102135
2012/5/16,51,51.1,50.1,50.2,32979,1667294
2012/5/17,50.25,50.85,50.25,50.8,7940,401579
2012/5/18,50.05,50.25,49.62,49.67,37830,1888229
2012/5/21,49.95,50.05,49.74,49.95,14716,735013
2012/5/22,50.35,50.4,50.05,50.4,9359,470511
2012/5/23,49.9,49.9,49.39,49.49,23947,1186430
2012/5/24,49.55,49.69,49.15,49.38,12526,617627
2012/5/25,49.45,49.45,48.95,49.01,13504,662903
2012/5/28,49.01,49.47,48.85,49.47,6212,305319
2012/5/29,49.6,50.8,49.6,50.7,17147,865104
2012/5/30,50.35,50.35,49.83,50.1,11746,587648
2012/5/31,49.55,50.15,49.24,50.15,13195,653341
2012/6/1,49.85,49.85,49.1,49.15,13961,689001
2012/6/4,48.2,48.2,47.45,47.68,37180,1775879
2012/6/5,48.42,48.45,48.04,48.3,9723,469562
2012/6/6,48.4,48.72,48.22,48.63,5408,262473
2012/6/7,49.1,49.12,48.63,48.74,6004,293399
2012/6/8,48.57,48.6,47.9,48,12951,622569
2012/6/11,48.86,49.07,48.65,48.99,8364,409172
2012/6/12,48.1,48.61,48.1,48.61,5161,249848
2012/6/13,48.61,48.83,48.46,48.71,3991,194039
2012/6/14,48.71,49,48.63,48.78,3406,166322
2012/6/15,48.78,49.4,48.68,49.4,6220,305648
2012/6/18,50.4,50.5,50,50.2,9888,496283
2012/6/19,50,50.1,49.86,49.91,7269,363095
2012/6/20,50.15,50.45,50.15,50.45,9657,485881
2012/6/21,50.2,50.3,49.88,50.15,4587,229559
2012/6/22,49.2,49.62,49.2,49.56,6192,306255
2012/6/25,49.04,49.29,49.03,49.2,7113,349549
2012/6/26,49,49.1,48.85,48.99,15276,748241
2012/6/27,48.88,49.5,48.86,49.45,7521,370467
2012/6/28,49.7,49.75,49.43,49.53,10454,517727
2012/6/29,49.48,50.3,49.35,50.2,13652,681895
2012/7/2,50.5,50.7,50.3,50.6,9704,490223
2012/7/3,50.8,51.5,50.75,51.2,17112,875606
2012/7/4,51.45,51.75,51.25,51.4,9961,513096
2012/7/5,51.45,51.65,51.25,51.3,4999,256907
2012/7/6,51.45,51.55,50.95,51,11019,563639
2012/7/9,50.8,51.05,50.65,50.95,5880,298939
2012/7/10,50.95,51,50.3,50.4,9034,457489
2012/7/11,50.3,50.55,50.15,50.55,4163,209730
2012/7/12,50.45,50.5,49.55,49.65,15500,772037
2012/7/13,49.5,49.7,49.35,49.5,7929,392376
2012/7/16,49.75,49.8,49.25,49.5,6443,318754
2012/7/17,49.5,50.05,49.4,49.85,6753,336062
2012/7/18,49.8,49.8,49.18,49.2,8506,420343
2012/7/19,49.7,50.3,49.66,50.2,7663,383438
2012/7/20,50.15,50.25,49.95,50.15,5701,285440
2012/7/23,49.65,49.7,49.04,49.25,14881,731893
2012/7/24,49.2,49.2,48.89,49.12,22241,1089951
2012/7/25,48.82,49.21,48.51,48.86,16634,812609
2012/7/26,49.33,49.33,48.78,48.94,8170,400096
2012/7/27,49.5,49.95,49.35,49.92,9753,484417
2012/7/30,50,50.55,50,50.25,10029,504650
2012/7/31,50.5,51.1,50.1,51.1,14837,752408
2012/8/1,50.9,51.3,50.8,51.2,6882,351451
2012/8/3,50.75,50.9,50.55,50.9,5087,258149
2012/8/6,51.9,52,51.45,51.55,11036,570637
2012/8/7,51.6,51.65,51.4,51.6,4203,216575
2012/8/8,51.95,52.2,51.7,51.75,9545,496033
2012/8/9,52.1,52.9,52.1,52.85,21225,1115574
2012/8/10,52.85,53.05,52.75,52.8,11291,597431
2012/8/13,53,53.25,52.95,53,15662,831229
2012/8/14,53.1,53.55,53,53.25,16024,854492
2012/8/15,53.2,53.4,52.95,53.05,11947,634682
2012/8/16,53.1,53.5,53,53.2,7954,423898
2012/8/17,53.35,53.35,52.95,52.95,5271,279669
2012/8/20,52.85,53.05,52.55,52.8,9862,520221
2012/8/21,52.95,53.8,52.95,53.4,27067,1449815
2012/8/22,53.35,53.4,53,53.35,5561,295806
2012/8/23,53.2,53.5,53.15,53.3,8522,454200
2012/8/24,53,53.2,52.95,53.1,11024,585208
2012/8/27,53.45,53.55,53,53.2,7382,392803
2012/8/28,52.95,52.95,52.45,52.5,9135,480749
2012/8/29,52.4,52.8,52.4,52.7,2819,148463
2012/8/30,52.45,52.7,52.4,52.55,6948,364960
2012/8/31,52.5,52.85,52.45,52.75,3003,158161
2012/9/3,52.7,53.25,52.7,53.15,7154,379685
2012/9/4,53.15,53.3,53,53.05,7305,387907
2012/9/5,52.9,52.9,52.35,52.35,5020,263426
2012/9/6,52.3,52.5,51.9,52.15,5867,305950
2012/9/7,53.1,53.2,52.8,52.95,7668,406457
2012/9/10,52.95,53.35,52.9,53.35,8807,468549
2012/9/11,53.35,53.5,53.25,53.3,8197,437512
2012/9/12,53.75,54.15,53.75,54.05,21343,1152027
2012/9/13,54.2,54.3,54.05,54.15,11501,623341
2012/9/14,54.8,55.6,54.8,55.5,35619,1967238
2012/9/17,55.5,55.8,55.35,55.6,20150,1120483
2012/9/18,55.5,55.6,55.25,55.4,17292,958883
2012/9/19,55.45,55.75,55.35,55.65,20680,1148672
2012/9/20,55.55,55.65,55.1,55.25,12363,684405
2012/9/21,55.35,55.6,55.35,55.45,11670,647386
2012/9/24,55.3,55.7,54.95,55.5,15114,834211
2012/9/25,55.6,55.65,55.25,55.3,7764,430403
2012/9/26,54.9,55.15,54.75,54.9,5913,324391
2012/9/27,54.8,55.15,54.8,55.1,4809,264440
2012/9/28,55.25,55.35,54.8,55.15,4581,252268
2012/10/1,55,55.1,54.75,55,4007,219963
2012/10/2,55.1,55.35,54.95,55.25,6553,361735
2012/10/3,55.25,55.3,54.9,55,3633,200292
2012/10/4,55,55.1,54.5,55.05,8104,444745
2012/10/5,55,55.3,55,55.1,11700,645230
2012/10/8,55,55.05,54.55,54.65,9556,522840
2012/10/9,54.75,54.75,54.4,54.4,8493,463363
2012/10/11,53.7,53.7,53.2,53.3,30659,1639204
2012/10/12,53.3,53.4,52.9,53.15,16268,864869
2012/10/15,53.05,53.25,53,53.25,10242,543893
2012/10/16,53.4,53.5,53.3,53.5,8037,429367
2012/10/17,53.9,53.9,53.3,53.4,16203,867885
2012/10/18,53.7,53.8,53.45,53.65,11622,623289
2012/10/19,53.6,53.6,53.05,53.25,16780,892423
2012/10/22,52.6,52.9,52.4,52.9,13006,684719
2012/10/23,52.9,53.1,52.65,52.9,30800,1627934
2012/10/24,50.55,51,50.45,51,18504,939184
2012/10/25,50.95,50.95,50.45,50.5,20563,1042608
2012/10/26,50.7,50.75,49.87,49.91,26363,1323238
2012/10/29,49.99,50.2,49.87,50,15100,755045
2012/10/30,50.3,50.65,50.2,50.45,12686,639301
2012/10/31,50.7,50.7,50.2,50.4,6854,345542
2012/11/1,50.1,50.55,49.6,50.35,16368,818678
2012/11/2,50.7,50.7,50.5,50.7,7149,361768
2012/11/5,50.55,50.7,50.3,50.5,8126,410260
2012/11/6,50.65,50.95,50.4,50.9,9619,486790
2012/11/7,50.9,51.2,50.65,51.15,11046,563106
2012/11/8,50.6,50.75,50.5,50.75,9785,495393
2012/11/9,50.35,51.3,50.25,51.1,10006,508918
2012/11/12,51.3,51.3,50.85,50.9,7505,383047
2012/11/13,51,51,50,50.05,14839,744809
2012/11/14,49.95,50.25,49.82,50.15,7656,383172
2012/11/15,50,50.25,49.5,50,11846,590222
2012/11/16,49.95,50.35,49.78,49.94,13699,684773
2012/11/19,50.3,50.35,50.05,50.25,4365,219249
2012/11/20,50.7,50.7,50.25,50.35,4986,251376
2012/11/21,50.45,50.5,49.7,49.97,13326,667474
2012/11/22,50.3,50.35,50.1,50.2,7870,395166
2012/11/23,50.55,51.8,50.5,51.7,19224,985124
2012/11/26,51.8,52.3,51.8,52.2,13124,684438
2012/11/27,52.2,52.5,52,52.4,8538,446540
2012/11/28,52.4,52.5,52.2,52.45,4524,236735
2012/11/29,52.65,53.1,52.65,53.1,19858,1051076
2012/11/30,53.1,53.7,53,53.55,29759,1591443
2012/12/3,53.55,53.8,53.2,53.5,11201,600297
2012/12/4,53.05,53.45,53.05,53.45,10697,569376
2012/12/5,53.3,53.8,53.1,53.75,13588,726433
2012/12/6,53.75,53.75,53.45,53.6,11295,605388
2012/12/7,53.65,54.05,53.65,53.9,16314,879443
2012/12/10,53.9,54.05,53.5,53.7,9933,534102
2012/12/11,53.65,53.8,53.3,53.65,8905,476963
2012/12/12,53.8,54.3,53.8,54.1,18650,1008894
2012/12/13,54.3,54.8,54.25,54.7,22337,1217806
2012/12/14,54.6,54.6,54.2,54.2,9059,492300
2012/12/17,54.2,54.2,53.4,53.5,5560,298483
2012/12/18,53.75,53.75,53.4,53.55,6361,340478
2012/12/19,53.95,53.95,53.6,53.7,4659,250353
2012/12/20,53.35,53.5,53.05,53.05,7276,387312
2012/12/21,53.05,53.2,52.4,52.8,11689,615645
2012/12/22,52.6,53,52.6,52.95,4239,224049
2012/12/24,52.9,53.05,52.65,52.7,4392,231942
2012/12/25,52.75,53.7,52.75,53.6,11578,618370
2012/12/26,53.6,53.75,53.4,53.5,18128,971242
2012/12/27,53.2,53.6,53.2,53.45,11014,588267
2012/12/28,53.7,53.95,53.65,53.8,19933,1072074
2013/1/2,54,54.65,53.9,54.4,16488,896311
2013/1/3,54.9,55.05,54.65,54.85,29021,1592306
2013/1/4,54.85,54.85,54.4,54.5,9838,536506
2013/1/7,54.55,54.55,53.9,54.25,8911,483016
2013/1/8,54,54.2,53.65,53.9,12507,673989
2013/1/9,53.75,54.3,53.75,54.1,7529,407184
2013/1/10,54.3,54.65,54.15,54.5,13954,760153
2013/1/11,54.7,54.8,54.35,54.45,11838,646271
2013/1/14,54,54.5,53.8,54.5,7282,393925
2013/1/15,54.2,54.45,53.9,54,6610,357735
2013/1/16,54.05,54.05,53.7,53.7,8142,438233
2013/1/17,53.9,54.2,53.2,53.3,10084,541563
2013/1/18,53.95,53.95,53.7,53.95,5410,291355
2013/1/21,53.95,54.05,53.55,53.9,4526,243872
2013/1/22,54.3,54.3,53.7,54.05,10501,567964
2013/1/23,54.2,54.3,53.9,54,7267,392940
2013/1/24,53.75,53.9,53.25,53.7,11334,608084
2013/1/25,53.65,53.7,53.2,53.5,8521,455161
2013/1/28,53.7,53.95,53.65,53.75,8709,468347
2013/1/29,53.95,54.5,53.95,54.5,21973,1191891
2013/1/30,54.5,54.75,54.45,54.6,21672,1183404
2013/1/31,54.5,54.6,54.3,54.6,12643,688779
2013/2/1,54.7,54.85,54.6,54.8,15058,824656
2013/2/4,54.85,55.4,54.85,55.2,30981,1709856
2013/2/5,54.9,55.1,54.9,55,15988,878945
2013/2/6,55.2,55.5,55.2,55.4,29434,1629884
2013/2/18,55.5,55.9,55.45,55.6,29740,1655484
2013/2/19,55.6,55.75,55.55,55.65,16817,936045
2013/2/20,55.9,56.2,55.9,56.1,21814,1223539
2013/2/21,55.9,56.05,55.7,55.7,9951,556204
2013/2/22,55.6,55.85,55.35,55.5,9131,507372
2013/2/23,55.7,55.9,55.65,55.8,6376,355759
2013/2/25,55.8,55.8,55.55,55.7,10432,580782
2013/2/26,55.25,55.4,55.05,55.1,6754,372791
2013/2/27,55.05,55.2,54.95,55.2,4605,253713
2013/3/1,55.35,55.55,55.3,55.4,5730,317569
2013/3/4,55.4,55.45,54.7,54.75,8270,454255
2013/3/5,54.9,55.35,54.9,55.2,16081,884933
2013/3/6,55.7,55.75,55.2,55.45,4641,257531
2013/3/7,55.2,55.65,55.2,55.4,5956,330452
2013/3/8,55.6,55.9,55.6,55.8,12381,690617
2013/3/11,55.8,56.1,55.6,55.9,12066,674388
2013/3/12,55.9,56,55.55,55.55,7443,415510
2013/3/13,55.6,55.95,55.3,55.65,10206,568132
2013/3/14,55.5,55.6,55.35,55.6,12133,672911
2013/3/15,55.6,55.7,55.2,55.2,9552,529341
2013/3/18,55,55,54.3,54.5,13219,721312
2013/3/19,54.7,54.75,54.5,54.6,3374,184302
2013/3/20,54.35,54.55,54.15,54.25,8821,479368
2013/3/21,54.4,54.45,54.25,54.3,4930,267994
2013/3/22,54.2,54.35,54.15,54.15,8202,445102
2013/3/25,54.75,54.75,54.45,54.55,2649,144567
2013/3/26,54.55,54.6,54.45,54.55,1956,106683
2013/3/27,54.6,54.85,54.45,54.7,4540,248241
2013/3/28,54.7,54.75,54.4,54.55,3316,180676
2013/3/29,54.85,55.15,54.7,55.1,5876,322903
2013/4/1,55.1,55.2,54.95,55,3729,205266
2013/4/2,55,55.1,54.7,54.85,4937,271289
2013/4/3,55.1,55.15,54.9,55,2926,160976
2013/4/8,54.45,54.5,53.85,53.85,18560,1002860
2013/4/9,54,54.05,53.6,53.7,7681,413471
2013/4/10,53.75,53.95,53.6,53.8,3118,167630
2013/4/11,53.95,54.4,53.95,54.35,9842,533758
2013/4/12,54.4,54.5,54.2,54.35,2285,124173
2013/4/15,54.25,54.35,53.75,53.9,4112,221986
2013/4/16,53.5,54,53.45,54,5150,276687
2013/4/17,54,54.1,53.85,53.9,4995,269566
2013/4/18,53.55,54.1,53.55,53.85,5606,301895
2013/4/19,54.25,55.5,54.25,55.45,22459,1237684
2013/4/22,55.55,55.65,55.3,55.4,11412,633682
2013/4/23,55.4,55.4,54.95,55.1,3674,202446
2013/4/24,55.35,55.75,55.25,55.55,12432,690771
2013/4/25,55.45,55.75,55.4,55.65,11885,661450
2013/4/26,55.8,56.2,55.8,55.85,11113,622403
2013/4/29,55.9,56,55.75,55.8,8140,454739
2013/4/30,56.25,56.55,56.25,56.4,17617,994043
2013/5/2,56.35,56.65,56.35,56.55,15920,899914
2013/5/3,56.85,57,56.65,56.65,13218,751481
2013/5/6,57,57.15,56.9,56.9,8576,488875
2013/5/7,56.9,57.2,56.8,57.1,14262,813797
2013/5/8,57.2,58.1,57.2,57.85,21793,1258269
2013/5/9,58.2,58.45,58.15,58.2,17797,1037335
2013/5/10,58.1,58.15,57.85,57.9,9241,535857
2013/5/13,57.9,58,57.6,57.75,6700,387396
2013/5/14,58,58.25,57.75,57.9,10934,634102
2013/5/15,58.1,58.1,57.65,57.95,11720,678724
2013/5/16,58.5,58.9,58.4,58.7,32188,1888456
2013/5/17,58.6,58.7,58.4,58.4,8652,506338
2013/5/20,58.3,58.5,58.1,58.3,7993,466046
2013/5/21,58.35,58.7,58.15,58.3,6990,408198
2013/5/22,58.65,58.7,58.2,58.25,7429,433864
2013/5/23,57.9,58,57,57,14866,854335
2013/5/24,57,57.2,56.6,56.85,6950,395777
2013/5/27,56.8,57.35,56.8,57.35,3286,187925
2013/5/28,57.4,57.45,57.15,57.15,2343,134259
2013/5/29,57.35,57.8,57.35,57.65,7989,460199
2013/5/30,57.4,57.45,56.85,56.95,8824,503172
2013/5/31,57.5,57.7,56.8,56.95,9240,528580
2013/6/3,56.45,56.75,56.25,56.7,6539,369199
2013/6/4,56.7,56.8,56.35,56.6,4243,239912
2013/6/5,56.55,56.75,56.35,56.6,3460,195737
2013/6/6,56.2,56.3,55.75,55.9,15077,843973
2013/6/7,55.95,56.15,55.9,56.05,9058,507189
2013/6/10,56.55,56.7,56.4,56.5,3505,198282
2013/6/11,56.55,56.65,56.25,56.35,4689,264736
2013/6/13,55.9,55.9,55,55,33024,1823370
2013/6/14,55.15,55.15,54.7,54.8,18099,994222
2013/6/17,54.85,55.15,54.8,55.15,5347,294417
2013/6/18,55.15,55.4,54.85,55.4,8772,483237
2013/6/19,55.5,55.5,55.15,55.3,6077,336207
2013/6/20,55,55,54.2,54.25,25488,1389253
2013/6/21,54.1,54.1,53.25,53.6,34640,1853783
2013/6/24,53.4,53.5,53.1,53.4,21260,1132614
2013/6/25,53.3,53.7,52.95,53,19437,1034612
2013/6/26,53.6,53.8,53.3,53.7,9916,531377
2013/6/27,54.05,54.35,53.9,54.35,22275,1205472
2013/6/28,54.4,55.1,54.3,55.1,13714,751100
2013/7/1,54.8,55.7,54.8,55.6,13788,763383
2013/7/2,55.65,55.75,55.45,55.5,4672,259565
2013/7/3,55.2,55.4,54.85,54.85,7004,385470
2013/7/4,54.9,55.15,54.8,54.95,4877,268103
2013/7/5,55.25,56.05,55.2,56.05,17675,986410
2013/7/8,56.05,56.05,54.95,55,8666,477968
2013/7/9,55,55.7,54.95,55.65,4074,225978
2013/7/10,55.75,56.3,55.65,55.8,9108,510561
2013/7/11,56.75,57.4,56.7,57.2,30309,1728350
2013/7/12,57.2,57.4,57.1,57.35,12910,739251
2013/7/15,57.35,57.7,57.1,57.5,14188,815950
2013/7/16,57.5,57.6,57.35,57.5,9554,549363
2013/7/17,57.4,57.75,57.35,57.6,12990,747620
2013/7/18,57.6,57.65,57.1,57.2,12640,723859
2013/7/19,56.9,56.9,55.75,55.95,24693,1385797
2013/7/22,56.15,56.4,56.1,56.15,5258,295654
2013/7/23,56.5,57.2,56.5,57.05,8972,510607
2013/7/24,56.8,57.15,56.8,56.9,4961,282335
2013/7/25,56.8,57.15,56.5,57,4112,234029
2013/7/26,57,57.4,56.7,56.9,4896,279404
2013/7/29,56.7,56.85,56.25,56.5,5925,334904
2013/7/30,56.75,57.15,56.5,56.95,10122,576373
2013/7/31,56.95,56.95,56.55,56.6,4384,248572
2013/8/1,56.55,56.65,56.05,56.2,7468,420331
2013/8/2,56.6,57,56.35,56.55,6840,387353
2013/8/5,56.5,56.8,56.25,56.7,2878,162792
2013/8/6,56.4,56.4,55.75,55.9,20740,1158971
2013/8/7,55.55,55.55,55.1,55.1,21061,1163902
2013/8/8,55,55.1,54.8,54.9,25090,1379036
2013/8/9,54.9,55.1,54.65,54.85,25862,1417931
2013/8/12,55,55.05,54.7,55,12025,659842
2013/8/13,55.35,55.55,55.3,55.55,7627,422920
2013/8/14,55.55,55.55,55.1,55.4,11120,614620
2013/8/15,54.85,55.05,54.5,55,17433,954338
2013/8/16,54.65,55.45,54.65,55.25,17786,978460
2013/8/19,55.05,55.1,54.85,55.1,8439,464100
2013/8/20,54.85,55.15,54.5,54.6,19856,1086947
2013/8/22,54.3,54.35,53.85,54.15,30612,1655600
2013/8/23,54.5,55,54.5,54.85,16799,920166
2013/8/26,55,55.2,54.75,55.1,6650,365856
2013/8/27,55,55,54.6,54.6,7340,402258
2013/8/28,54.35,54.75,54.3,54.75,9584,522648
2013/8/29,54.85,55.6,54.85,55.5,12791,708454
2013/8/30,55.6,55.85,55.4,55.85,11436,637170
2013/9/2,55.95,56.4,55.9,56.3,20805,1168127
2013/9/3,56.6,56.7,56.4,56.65,20556,1163847
2013/9/4,56.5,56.6,56.25,56.55,10480,591078
2013/9/5,56.7,56.95,56.55,56.9,21412,1215479
2013/9/6,56.85,57.05,56.85,57,22393,1275635
2013/9/9,57,57.3,56.7,57.2,17059,973707
2013/9/10,57.35,57.6,57.15,57.35,23422,1344057
2013/9/11,57.5,57.5,57.1,57.5,20577,1180087
2013/9/12,57.4,57.7,57.3,57.55,12988,747457
2013/9/13,57.5,57.6,57.1,57.1,5616,321690
2013/9/14,57.15,57.25,57.05,57.1,6236,356166
2013/9/16,57.45,57.95,57.45,57.8,14816,856213
2013/9/17,57.5,57.75,57.5,57.75,6241,359786
2013/9/18,57.9,58,57.55,57.55,14817,855895
2013/9/23,57.55,58.15,57.5,58,10272,594937
2013/9/24,58,58.1,57.75,58.05,10109,585958
2013/9/25,58,58,57.6,57.8,4177,241141
2013/9/26,57.7,57.8,57.2,57.25,4356,249816
2013/9/27,57.4,57.55,57.35,57.4,4769,273847
2013/9/30,57,57.3,56.75,57.15,16694,952581
2013/10/1,57,57.3,57,57.15,15432,882516
2013/10/2,57.5,57.5,57.25,57.35,11304,648115
2013/10/3,57.5,58.8,57.45,58.55,23775,1387027
2013/10/4,58.5,58.55,58.25,58.45,16689,974553
2013/10/7,58.15,58.15,57.85,57.9,4870,282121
2013/10/8,57.85,58.45,57.8,58.35,9441,549340
2013/10/9,58.1,58.35,58,58.2,6006,349660
2013/10/11,58.85,58.95,58.4,58.45,9045,530474
2013/10/14,58.4,58.4,57.95,58,6624,385079
2013/10/15,58.45,58.6,58.3,58.5,8043,470230
2013/10/16,58.45,58.6,58.25,58.25,7029,410205
2013/10/17,58.65,58.85,58.45,58.55,5063,296653
2013/10/18,58.65,59.1,58.65,59.05,14819,872615
2013/10/21,59.05,59.15,58.85,59,6552,386605
2013/10/22,58.8,59.1,58.6,59,7199,424385
2013/10/23,59.1,59.1,58.6,58.7,8639,508499
2013/10/24,57.7,57.7,57.15,57.55,7936,455537
2013/10/25,57.35,57.35,56.85,57.1,11177,638101
2013/10/28,57.15,57.65,57.1,57.5,6937,398367
2013/10/29,57.45,57.8,57.3,57.75,5791,333532
2013/10/30,57.8,57.9,57.65,57.9,4376,252902
2013/10/31,57.85,58.05,57.6,57.9,6046,349993
2013/11/1,58,58.1,57.45,57.6,6293,362802
2013/11/4,57.4,57.4,57.1,57.35,6647,380467
2013/11/5,57.25,57.35,56.75,56.8,7879,448706
2013/11/6,56.8,56.9,56.6,56.8,4717,267848
2013/11/7,56.85,56.85,56.5,56.65,4901,277660
2013/11/8,56.6,56.65,56.35,56.45,6210,350924
2013/11/11,56.45,56.5,56.2,56.3,8238,463973
2013/11/12,56.6,56.6,56.2,56.5,6243,352233
2013/11/13,56.25,56.3,55.7,55.75,17169,960655
2013/11/14,56,56.1,55.65,55.9,15583,870464
2013/11/15,56.1,56.35,55.9,56.15,12723,714441
2013/11/18,56.35,56.5,56.2,56.45,5566,313864
2013/11/19,56.55,56.85,56.55,56.8,8479,480734
2013/11/20,56.65,56.7,56.35,56.45,9702,548102
2013/11/21,56.1,56.1,55.4,55.45,35062,1947623
2013/11/22,55.5,55.7,55.5,55.5,10916,606805
2013/11/25,56.15,56.5,56.15,56.25,10345,582455
2013/11/26,56,56.9,56,56.7,9879,558861
2013/11/27,56.7,57.05,56.65,57,8118,462141
2013/11/28,57.35,57.45,57.2,57.35,11237,644295
2013/11/29,57.35,57.7,57.25,57.55,14721,846658
2013/12/2,57.6,57.7,57.35,57.45,5601,321901
2013/12/3,57.35,57.5,57.15,57.5,7385,423384
2013/12/4,57.25,57.65,57.2,57.45,7402,425548
2013/12/5,57.45,57.5,57,57.1,6057,346321
2013/12/6,57.05,57.4,56.9,57.15,4024,230203
2013/12/9,57.55,57.95,57.55,57.65,8645,499380
2013/12/10,57.55,57.9,57.55,57.8,6867,396597
2013/12/11,57.95,58.3,57.65,57.85,10106,585499
2013/12/12,57.6,57.6,57.2,57.4,4216,241965
2013/12/13,57.1,57.4,57.05,57.35,5100,292052
2013/12/16,57.25,57.25,56.7,56.9,6972,396352
2013/12/17,57.15,57.3,57.1,57.2,3090,176775
2013/12/18,57.2,57.2,56.85,57,3488,198913
2013/12/19,57.4,57.5,57.15,57.35,6052,347059
2013/12/20,57.35,57.55,57.2,57.45,4318,247994
2013/12/23,57.55,58,57.55,57.85,9017,521688
2013/12/24,57.85,57.9,57.7,57.8,5053,292130
2013/12/25,57.9,57.95,57.75,57.85,3321,192088
2013/12/26,57.85,57.95,57.8,57.85,3417,197708
2013/12/27,57.8,58.4,57.8,58.3,12607,732657
2013/12/30,58.35,58.95,58.35,58.8,18119,1064066
2013/12/31,59.05,59.05,58.7,58.7,12257,722130
2014/1/2,58.7,58.75,58.35,58.55,10762,629995
2014/1/3,58.45,58.45,57.7,57.85,14510,840196
2014/1/6,57.75,57.95,57.55,57.7,14871,857371
2014/1/7,57.75,57.9,57.7,57.7,13128,758132
2014/1/8,57.7,57.95,57.7,57.8,7605,439845
2014/1/9,57.65,57.8,57.4,57.55,8571,493178
2014/1/10,57.5,57.65,57.5,57.55,4742,272993
2014/1/13,58,58.2,57.8,57.9,6180,358200
2014/1/14,57.7,57.85,57.6,57.8,4276,246832
2014/1/15,57.95,58.45,57.95,58.4,11676,680334
2014/1/16,58.5,58.75,58.5,58.55,12772,749062
2014/1/17,58.6,58.7,58.3,58.65,8170,478202
2014/1/20,58.4,58.8,58.4,58.8,5627,330310
2014/1/21,58.75,58.85,58.5,58.55,6964,408196
2014/1/22,58.45,58.65,58.35,58.65,6838,400293
2014/1/23,58.6,58.75,58.35,58.5,6905,404193
2014/1/24,58.3,58.8,58.3,58.65,10706,627471
2014/1/27,58.1,58.2,57.45,57.6,21325,1228050
2014/2/5,56.4,56.4,55.6,55.8,57560,3221380
2014/2/6,55.95,56.2,55.8,56,12854,719873
2014/2/7,56.4,56.7,56.3,56.6,16028,906122
2014/2/10,56.9,56.9,56.6,56.6,6020,341784
2014/2/11,56.6,56.95,56.6,56.95,5582,317077
2014/2/12,57.15,57.55,57.15,57.55,18605,1067688
2014/2/13,57.45,57.55,57.35,57.4,8236,472959
2014/2/14,57.7,58.2,57.7,57.95,22329,1296000
2014/2/17,58.1,58.25,57.95,57.95,15435,896780
2014/2/18,57.95,58.15,57.8,58.15,13089,759134
2014/2/19,58.1,58.2,58.05,58.15,13367,776754
2014/2/20,58.05,58.05,57.6,57.65,13737,793858
2014/2/21,58.4,58.45,58.2,58.2,17317,1009724
2014/2/24,58.4,58.45,57.8,57.9,7368,427852
2014/2/25,58.25,58.25,57.95,58.15,8622,500964
2014/2/26,58,58.5,57.95,58.4,8954,522326
2014/2/27,58.3,58.45,58.3,58.3,3676,214535
2014/3/3,57.8,58.15,57.5,57.95,8021,463398
2014/3/4,57.9,58,57.7,57.7,6186,357739
2014/3/5,58.2,58.45,58.2,58.3,6902,402696
2014/3/6,58.35,59.2,58.35,59.15,26227,1543673
2014/3/7,59.3,59.8,59.3,59.4,30395,1808622
2014/3/10,59.3,59.4,58.95,59.05,7931,468535
2014/3/11,59.25,59.45,59.15,59.35,4968,294582
2014/3/12,58.85,59,58.75,58.8,2672,157215
2014/3/13,59.25,59.8,59.25,59.75,25693,1533322
2014/3/14,59.15,59.3,59.1,59.15,13450,796078
2014/3/17,59.15,59.2,58.9,59.05,8983,529914
2014/3/18,59.4,59.5,59.2,59.4,14863,882017
2014/3/19,59.4,59.45,58.95,59.25,9855,583117
2014/3/20,58.7,58.7,58.3,58.5,18483,1079233
2014/3/21,58.65,58.65,58.4,58.5,4143,242515
2014/3/24,58.45,58.65,58.25,58.65,11346,663113
2014/3/25,58.5,59.15,58.5,59.15,4915,289305
2014/3/26,59.45,59.7,59.35,59.7,9980,594390
2014/3/27,59.5,59.85,59.45,59.8,11258,671285
2014/3/28,59.85,60.1,59.8,59.9,20165,1208962
2014/3/31,60.05,60.15,59.9,60.1,17187,1032021
2014/4/1,60.25,60.6,60.2,60.6,28836,1742191
2014/4/2,60.8,61.15,60.8,60.8,19105,1164181
2014/4/3,60.8,60.95,60.65,60.65,12620,766518
2014/4/7,60.4,60.5,60.3,60.5,11380,687722
2014/4/8,60.45,60.9,60.45,60.8,13990,849351
2014/4/9,60.8,61.1,60.8,61,12051,735235
2014/4/10,61.25,61.3,60.9,61.2,13487,823825
2014/4/11,60.8,61.15,60.8,61.15,15019,916078
2014/4/14,61.1,61.2,60.9,61.05,13397,818203
2014/4/15,61.2,61.45,61.2,61.35,13893,852295
2014/4/16,61.35,61.5,61.1,61.3,7050,432480
2014/4/17,61.3,61.4,61.1,61.15,3532,216348
2014/4/18,61.75,61.9,61.5,61.55,7073,436081
2014/4/21,61.45,61.65,61.45,61.55,3406,209616
2014/4/22,61.55,61.95,61.55,61.75,9138,564339
2014/4/23,61.85,62.05,61.5,61.65,5487,339123
2014/4/24,61.7,61.8,61.6,61.75,4518,278869
2014/4/25,61.65,61.8,60.6,60.7,22903,1397360
2014/4/28,60.3,61.5,60.3,61.25,8483,516757
2014/4/29,61.25,61.5,61.1,61.35,6519,399867
2014/4/30,61.4,61.45,60.8,61,5598,341881
2014/5/2,61.15,61.65,61.15,61.3,7647,469117
2014/5/5,61.55,61.6,61,61.2,6846,419279
2014/5/6,61.5,61.75,61.1,61.55,10314,632334
2014/5/7,61.5,61.6,61.2,61.4,7878,483710
2014/5/8,61.6,61.85,61.4,61.85,3831,236337
2014/5/9,61.7,61.85,61.45,61.45,3932,242255
2014/5/12,61.5,61.5,61.1,61.15,3934,240843
2014/5/13,61.6,61.75,61.35,61.45,5611,345232
2014/5/14,61.6,61.8,61.45,61.8,10740,662002
2014/5/15,61.75,61.85,61.55,61.75,8904,549373
2014/5/16,61.65,61.85,61.4,61.85,9139,563133
2014/5/19,61.85,62,61.8,61.85,7166,443514
2014/5/20,61.9,62.3,61.9,62.1,9947,617828
2014/5/21,62,62.2,61.75,61.8,6524,404622
2014/5/22,62,62.65,61.95,62.65,14665,914426
2014/5/23,62.85,62.9,62.65,62.75,13449,843990
2014/5/26,62.85,63.1,62.85,63.05,8644,544730
2014/5/27,63.05,63.2,62.95,63.1,8034,506977
2014/5/28,63.15,63.8,63.15,63.7,11647,739628
2014/5/29,63.7,63.7,63.4,63.4,9545,606470
2014/5/30,63.4,63.45,63.1,63.1,6716,424931
2014/6/3,63.15,63.45,62.8,63.15,5110,322847
2014/6/4,63.4,63.55,63.3,63.4,3390,215049
2014/6/5,63.3,63.4,63.1,63.4,1703,107766
2014/6/6,63.65,63.75,63.4,63.55,3489,221859
2014/6/9,63.6,63.85,63.6,63.8,3895,248324
2014/6/10,63.85,64.3,63.85,64.2,6843,438788
2014/6/11,64.2,64.25,64.05,64.15,5039,323020
2014/6/12,64,64.1,63.9,64,4508,288458
2014/6/13,63.9,63.9,63.7,63.85,3322,212037
2014/6/16,63.85,64,63.6,63.9,2605,166269
2014/6/17,63.9,64.45,63.85,64.35,3854,247310
2014/6/18,64.4,64.8,64.3,64.5,9535,614914
2014/6/19,64.65,65.05,64.55,64.95,9933,644039
2014/6/20,64.95,65.1,64.7,64.75,3558,231006
2014/6/23,64.8,65,64.6,64.7,13750,891376
2014/6/24,64.85,65.05,64.7,64.8,7963,516388
2014/6/25,64.65,64.8,64.6,64.65,7516,486230
2014/6/26,64.75,65.4,64.75,65.35,9208,600328
2014/6/27,65.35,65.35,64.5,65.35,9225,598653
2014/6/30,65.3,66,65.2,65.95,7585,498698
2014/7/1,65.95,66.75,65.85,66.55,9615,638501
2014/7/2,66.8,67.55,66.65,67.1,11641,780941
2014/7/3,67.1,67.8,66.9,67.7,8115,547950
2014/7/4,67.8,67.9,67.35,67.7,7081,479384
2014/7/7,67.5,67.7,67.3,67.6,5515,372244
2014/7/8,67.8,67.9,67.6,67.75,5506,373081
2014/7/9,67.65,67.85,67.5,67.85,3130,211949
2014/7/10,67.8,68.45,67.8,68.35,5628,384019
2014/7/11,68.35,68.7,68.15,68.3,7800,533512
2014/7/14,68.25,68.8,68.25,68.7,3078,210969
2014/7/15,68.95,69.05,68.75,68.95,3956,272691
2014/7/16,68.95,69,68.1,68.35,5003,342670
2014/7/17,67.95,68,67.3,67.5,8013,541683
2014/7/18,67.05,67.6,67,67.5,6375,429472
2014/7/21,67.75,67.95,67.5,67.5,5309,359828
2014/7/22,67.7,68.2,67.5,68.1,4156,282494
2014/7/24,68.3,68.4,68.1,68.4,3849,262990
2014/7/25,68.4,68.4,67.45,67.65,5548,376528
2014/7/28,67.45,67.8,67.3,67.5,2765,186807
2014/7/29,67.75,67.95,67.2,67.45,7204,486934
2014/7/30,67.45,67.95,67.45,67.85,2800,189838
2014/7/31,67.85,67.85,66.6,66.75,11131,745106
2014/8/1,65.95,66.3,65.9,66.25,12832,848041
2014/8/4,66.2,66.7,66.1,66.6,3754,249315
2014/8/5,66.4,66.4,65.1,65.25,19581,1283064
2014/8/6,65.3,65.75,65.05,65.7,6860,448797
2014/8/7,65.75,65.9,65.4,65.7,6006,394397
2014/8/8,65.45,65.7,65.05,65.7,14251,931545
2014/8/11,66,66.15,65.75,66.05,8084,533527
2014/8/12,66,66.3,65.85,66.1,4360,288114
2014/8/13,66.15,66.75,66.05,66.75,5217,346815
2014/8/14,67,67.25,66.95,67.1,5985,401764
2014/8/15,67.1,67.25,66.75,67.1,3890,260577
2014/8/18,67.1,67.1,66.6,66.9,2431,162446
2014/8/19,67.3,67.75,67,67.75,6730,454466
2014/8/20,67.7,68.05,67.7,68,8462,574417
2014/8/21,68,68.1,67.8,67.9,3052,207353
2014/8/22,68.1,68.95,68.1,68.75,7540,517677
2014/8/25,68.75,68.9,68.6,68.65,2955,203148
2014/8/26,68.6,68.8,68.55,68.6,1734,119062
2014/8/27,68.95,69.4,68.95,69.25,7614,526515
2014/8/28,69.25,69.45,69.2,69.35,3895,270085
2014/8/29,69.05,69.3,68.85,69.2,2432,168186
2014/9/1,69.25,69.95,69.25,69.8,5274,368028
2014/9/2,69.7,69.7,68.6,68.75,17742,1224375
2014/9/3,68.9,69.45,68.85,69.25,6908,478099
2014/9/4,69,69.15,68.8,69,5388,371808
2014/9/5,69.3,69.3,68.65,69,7410,510545
2014/9/9,69.4,69.5,69.25,69.25,7411,514362
2014/9/10,68.95,68.95,68.05,68.65,17836,1219136
2014/9/11,68.7,68.7,68.4,68.4,8677,595084
2014/9/12,68.4,68.4,67.6,67.75,19510,1323645
2014/9/15,67.15,67.75,67.15,67.75,13126,886657
2014/9/16,67.65,67.65,67.15,67.2,18030,1213923
2014/9/17,67.5,68.2,67.45,67.7,16516,1121079
2014/9/18,67.7,68.05,67.6,67.85,16232,1100283
2014/9/19,68.2,68.25,67.85,68,12117,824100
2014/9/22,67.35,67.35,66.55,66.95,27058,1807498
2014/9/23,66.9,67,66.65,66.8,14804,989664
2014/9/24,66.55,66.8,66.3,66.55,25198,1677322
2014/9/25,66.7,66.85,65.7,65.95,23056,1525231
2014/9/26,65.5,65.85,65.25,65.6,23172,1519723
2014/9/29,65.65,65.7,65.2,65.4,17179,1123942
2014/9/30,65.3,65.65,64.65,65.3,20704,1347529
2014/10/1,65.05,65.65,64.85,65.5,17508,1145739
2014/10/2,65,65.75,64.9,65.5,11487,750371
2014/10/3,65.8,66.7,65.6,66.7,16239,1074509
2014/10/6,66.65,66.7,66.15,66.65,6658,442683
2014/10/7,66.25,66.25,65.7,66.1,11314,746517
2014/10/8,65.8,66.05,65.7,65.7,8106,533687
2014/10/9,66.1,66.45,65.7,66,15004,991657
2014/10/13,64.15,64.55,63.8,64,19671,1262059
2014/10/14,64,64.6,64,64.55,12914,830368
2014/10/15,64.45,64.8,63.95,64.1,14412,924662
2014/10/16,63.65,64.35,63.25,64,24720,1574418
2014/10/17,64.25,64.4,63.35,63.35,15740,1003579
2014/10/20,64.25,64.6,63.9,64.6,10884,699922
2014/10/21,64.4,64.55,64.2,64.3,7237,465771
2014/10/22,65.1,65.45,65,65.3,9342,609084
2014/10/23,65.3,65.3,65,65.05,7088,461608
2014/10/24,63.85,63.85,62.8,63.05,22503,1421023
2014/10/27,63.4,63.45,63,63.25,8078,510851
2014/10/28,64,64.35,64,64.35,11179,717876
2014/10/29,64.6,65,64.5,65,9404,609040
2014/10/30,64.85,64.95,64.55,64.8,9084,588379
2014/10/31,65,65.3,64.7,65.3,16609,1079822
2014/11/3,65.3,65.9,65.3,65.6,10607,695909
2014/11/4,65.75,66.05,65.55,65.65,11030,725802
2014/11/5,65.8,65.85,65.35,65.5,10540,690085
2014/11/6,65.55,65.7,64.95,65.1,21140,1382416
2014/11/7,65,65.25,64.7,65.2,10652,692459
2014/11/10,65.4,66.3,65.25,66.15,16375,1082027
2014/11/11,66.25,66.35,65.95,65.95,15092,998174
2014/11/12,65.75,65.85,64.9,65,18801,1227582
2014/11/13,65,65.65,65,65.65,10845,709408
2014/11/14,65.3,65.8,65.3,65.7,11060,724600
2014/11/17,66.05,66.1,64.8,65.1,17462,1141482
2014/11/18,65.3,65.6,64.8,64.9,9941,646619
2014/11/19,65.15,66.1,65.15,65.85,18485,1216573
2014/11/20,66.05,66.7,66.05,66.6,20763,1381475
2014/11/21,66.6,66.8,66.45,66.65,11948,795849
2014/11/24,66.9,67.2,66.75,66.8,13198,884765
2014/11/25,66.65,67.05,66.45,66.85,13192,882252
2014/11/26,66.75,66.9,66.65,66.85,8909,595197
2014/11/27,67.15,67.85,67.15,67.5,16529,1116592
2014/11/28,67.55,67.7,67.35,67.5,9382,633455
2014/12/1,66.3,67.45,66.15,66.8,21283,1420991
2014/12/2,66.35,66.5,65.65,65.8,19740,1301942
2014/12/3,65.8,67,65.7,66.85,11866,790065
2014/12/4,67.25,67.45,67.1,67.1,11366,764158
2014/12/5,67.1,67.1,66.75,66.85,4318,288818
2014/12/8,67.05,67.05,66.35,66.35,7633,507941
2014/12/9,66.25,66.3,66,66.2,4621,305751
2014/12/10,65.95,66.15,65.15,65.3,12852,842082
2014/12/11,65.05,65.35,64.7,65.25,6920,450493
2014/12/12,65.25,65.5,65.15,65.3,4478,292349
2014/12/15,64.75,65.1,64.5,65.1,10562,684012
2014/12/16,64.8,65,64.55,64.55,12711,822707
2014/12/17,64.55,64.55,63.4,63.55,19575,1248997
2014/12/18,63.95,64.1,63.65,63.7,8594,548578
2014/12/19,64.7,65.3,64.6,65.2,17193,1117404
2014/12/22,65.35,66,65.3,66,7444,489020
2014/12/23,66.15,66.3,65.75,65.8,5242,345829
2014/12/24,65.9,66.4,65.85,66.3,6957,460453
2014/12/25,66.35,66.4,66.15,66.3,4418,292620
2014/12/26,66.35,66.5,66.2,66.45,6278,416652
2014/12/27,66.75,66.75,66.45,66.6,3792,252448
2014/12/29,66.6,67.3,66.55,67.2,11101,744543
2014/12/30,67.15,67.45,66.85,66.85,8584,575794
2014/12/31,66.8,67,66.6,66.85,7419,495610
2015/1/5,66.4,66.75,66,66.55,6296,417638
2015/1/6,65.75,65.75,64.75,64.9,19502,1272547
2015/1/7,64.7,65.25,64.7,65,6992,454539
2015/1/8,65.5,66.6,65.5,66.5,13154,871152
2015/1/9,66.9,66.95,66.05,66.15,5892,391342
2015/1/12,65.8,66.15,65.65,65.75,9060,596822
2015/1/13,65.6,66.4,65.4,65.95,6152,406400
2015/1/14,66,66.05,65.4,65.6,7205,473110
2015/1/15,65.65,65.95,65.35,65.8,3526,231507
2015/1/16,66.25,66.4,65.35,65.5,9318,613485
2015/1/19,66.3,66.75,66.05,66.25,17591,1166409
2015/1/20,66.5,66.9,66.35,66.75,10098,673783
2015/1/21,67.2,67.3,67,67.25,17556,1179808
2015/1/22,67.5,67.9,67.45,67.6,16125,1090773
2015/1/23,68.25,68.7,68.25,68.7,35860,2457940
2015/1/26,68.55,68.85,68.45,68.7,20460,1404630
2015/1/27,69,69.25,68.8,69.15,36217,2499214
2015/1/28,68.8,69.2,68.8,69.15,35994,2485687
2015/1/29,69.05,69.05,68.15,68.3,19790,1353477
2015/1/30,68.6,68.6,68,68,4264,290996
2015/2/2,68.2,68.35,67.9,68.15,5811,395850
2015/2/3,68.35,68.85,68.1,68.65,16646,1142794
2015/2/4,69.2,69.5,69.05,69.4,20358,1411607
2015/2/5,69.05,69.25,68.8,69.1,4784,329875
2015/2/6,69.1,69.2,68.65,68.75,4108,282693
2015/2/9,68.75,68.75,68.25,68.5,3512,240430
2015/2/10,68.45,68.5,68.2,68.25,8023,547921
2015/2/11,68.7,69.25,68.7,69,7199,496603
2015/2/12,69,69.2,68.8,69,9310,642509
2015/2/13,69.35,69.65,69.35,69.45,7600,528270
2015/2/24,69.95,70.45,69.95,70.25,14550,1022505
2015/2/25,70.7,70.9,70.55,70.8,23254,1644415
2015/2/26,70.55,70.65,70.05,70.3,8689,610955
2015/3/2,70.3,70.55,69.75,70,6589,461349
2015/3/3,70.05,70.1,69.5,69.9,5068,353130
2015/3/4,69.55,70.05,69.5,69.95,6415,448582
2015/3/5,69.95,70,69.35,69.7,3762,261884
2015/3/6,69.55,69.9,69.3,69.8,3067,213690
2015/3/9,69.45,69.5,68.9,69.1,7465,515792
2015/3/10,69,69.05,68.6,68.95,6958,479061
2015/3/11,68.35,69.15,68.3,69.05,10039,689233
2015/3/12,68.85,69.65,68.8,69.65,5710,396200
2015/3/13,69.65,69.75,69.45,69.45,4528,315258
2015/3/16,69.35,69.35,68.85,68.9,6080,420077
2015/3/17,69.2,69.75,69,69.15,7096,491872
2015/3/18,69.2,70.15,69.2,69.9,18621,1302008
2015/3/19,70.5,70.9,70.25,70.65,12489,882632
2015/3/20,70.65,70.65,70.4,70.55,4499,317484
2015/3/23,70.55,70.9,70.45,70.75,7600,537702
2015/3/24,70.55,70.85,70.35,70.5,4505,317853
2015/3/25,70.5,70.6,70.1,70.25,4459,313055
2015/3/26,69.4,69.7,69.15,69.4,9508,659426
2015/3/27,69.4,69.4,68.65,68.75,10014,690645
2015/3/30,68.75,68.9,68.55,68.8,10354,711624
2015/3/31,69,69.25,68.8,69.05,7643,527392
2015/4/1,68.7,68.85,68.5,68.65,8234,565367
2015/4/2,68.9,69.75,68.9,69.5,7801,541861
2015/4/7,69.55,69.7,69.35,69.6,3448,239681
2015/4/8,69.6,69.6,68.85,69,5070,350122
2015/4/9,69,69.85,68.95,69.1,6206,430981
2015/4/10,69.7,69.8,69.45,69.65,4600,320215
2015/4/13,69.9,69.95,69.65,69.85,4200,293101
2015/4/14,69.85,69.85,69.5,69.5,4563,317630
2015/4/15,69.25,69.5,68.4,68.65,17267,1185133
2015/4/16,68.95,69.7,68.9,69.7,15774,1096082
2015/4/17,69.55,69.55,68.9,69.05,9237,637969
2015/4/20,68.7,69.15,68.55,68.95,9572,657846
2015/4/21,69.05,69.3,68.85,68.95,2864,197794
2015/4/22,69.3,69.8,69.25,69.65,11312,787537
2015/4/23,70.2,71.5,70.15,71.5,24334,1724238
2015/4/24,71.7,72.85,71.7,72.2,26527,1917092
2015/4/27,73,73.3,72.6,72.75,13282,968278
2015/4/28,72.85,73.1,72.35,72.6,16465,1195112
2015/4/29,72.5,72.7,71.6,71.8,10075,725595
2015/4/30,71.6,71.8,71.15,71.45,6781,485000
2015/5/4,71.45,71.65,70.85,71.6,5381,383599
2015/5/5,71.4,71.4,70.9,71.2,6801,483839
2015/5/6,70.8,71.4,70.5,71.3,6603,468611
2015/5/7,70.8,70.8,70.15,70.45,10204,718490
2015/5/8,70.45,70.65,70.45,70.5,5647,398590
2015/5/11,71,71.2,70.3,70.85,11222,793548
2015/5/12,70.6,70.85,70.55,70.7,9064,640522
2015/5/13,70.7,71.2,70.7,71.1,6874,488180
2015/5/14,70.85,70.95,70,70.1,16520,1161688
2015/5/15,70.3,70.35,69.7,70,11643,815422
2015/5/18,70.05,70.3,70,70.25,3248,227961
2015/5/19,70.4,71.45,70.4,71.3,8458,601703
2015/5/20,71.25,71.25,70.8,70.8,7531,534195
2015/5/21,70.15,70.2,69.75,70.15,11568,809812
2015/5/22,70.2,70.95,70.2,70.7,6153,435042
2015/5/25,70.45,70.95,70.3,70.7,2391,169027
2015/5/26,71.2,71.6,70.8,71,7521,535293
2015/5/27,70.85,71.3,70.7,71.15,5812,413273
2015/5/28,71.75,71.9,71.25,71.5,5790,414080
2015/5/29,71.7,71.7,71.05,71.1,4900,349372
2015/6/1,71.1,71.15,70.25,70.5,7850,553307
2015/6/2,70.45,70.5,70,70.4,4867,341989
2015/6/3,70.3,70.4,69.9,69.95,6558,459976
2015/6/4,69.8,69.9,68.35,68.6,28182,1941540
2015/6/5,68.5,68.6,68.2,68.45,15106,1033376
2015/6/8,68.3,69.05,68,68.9,9094,622037
2015/6/9,68.5,68.6,68,68.35,18430,1258037
2015/6/10,68.55,68.9,68.45,68.65,8667,595189
2015/6/11,68.8,68.9,68.4,68.85,7353,504746
2015/6/12,68.9,69,68.45,68.8,3176,218259
2015/6/15,68.8,69,68.5,68.65,3762,258522
2015/6/16,68.65,68.65,68.05,68.2,8682,592299
2015/6/17,68.2,68.75,68.2,68.5,5565,380967
2015/6/18,68.45,68.55,68.2,68.4,10688,730685
2015/6/22,68.75,69.4,68.75,69.35,11310,782305
2015/6/23,69.55,69.85,69.35,69.55,5311,369513
2015/6/24,69.6,69.7,69.4,69.65,6127,426269
2015/6/25,70,70.65,70,70.45,13815,972268
2015/6/26,70.45,70.45,70.15,70.45,4927,346310
2015/6/29,69.35,69.6,68.75,68.8,11576,800533
2015/6/30,68.8,69.4,68.8,69.4,4093,282871
2015/7/1,69.4,70.3,69.25,70.05,6063,424661
2015/7/2,70.2,70.25,69.85,70.1,4341,303949
2015/7/3,70,70.2,69.25,70.1,7762,540424
2015/7/6,69.55,70.05,69.2,69.3,7585,526950
2015/7/7,69.65,70.1,69.45,69.6,4707,328215
2015/7/8,69.2,69.2,67.45,67.5,37900,2576677
2015/7/9,66.8,67.35,66.1,67.1,33083,2203429
2015/7/13,68,68.1,67.2,68.1,15807,1069054
2015/7/14,68.3,68.7,68.05,68.1,9619,657391
2015/7/15,68.3,68.65,68,68.25,8866,605237
2015/7/16,68.6,68.95,68.2,68.6,6940,476110
2015/7/17,68.35,68.65,68.3,68.5,3432,235054
2015/7/20,69,69.2,67.8,68,7832,535749
2015/7/21,68.35,68.65,68,68.65,3364,229996
2015/7/22,68.2,68.3,67.7,67.8,14140,961044
2015/7/23,67.5,67.85,66.85,67.15,20981,1410060
2015/7/24,67.05,67.25,66.5,66.75,19922,1331121
2015/7/27,66.4,66.55,65.55,65.8,28446,1876583
2015/7/28,65.75,66.3,65.5,65.85,17519,1154892
2015/7/29,65.9,65.9,65.1,65.4,18493,1209602
2015/7/30,65.6,66.55,65.55,66.5,7474,494964
2015/7/31,66.5,66.55,65.8,66.15,11170,737988
2015/8/3,65.9,65.9,64.9,65.25,15758,1027198
2015/8/4,65.5,66,65,65.3,12310,803218
2015/8/5,65.55,66,65.3,65.7,9875,648399
2015/8/6,66,66.05,64.55,65,23621,1535880
2015/8/7,64.5,65,64.2,64.7,6899,446241
2015/8/10,64.6,64.75,64,64.55,10083,649653
2015/8/11,65.3,65.8,64.4,64.55,17411,1131041
2015/8/12,64.25,64.45,63,63.45,24219,1541064
2015/8/13,63.45,63.9,63.35,63.55,16147,1025509
2015/8/14,63.45,63.75,63.15,63.3,8405,532407
2015/8/17,63.3,63.3,62.7,62.9,13853,871312
2015/8/18,63,63.3,62.45,62.55,9842,617281
2015/8/19,62.4,62.5,61.3,61.6,17596,1088316
2015/8/20,61.25,61.85,60.95,61.4,19329,1185813
2015/8/21,60.6,60.75,59.8,59.8,28076,1689327
2015/8/24,59.1,59.1,55.4,57.5,61317,3512538
2015/8/25,57.5,60,57.5,60,43488,2578414
2015/8/26,59.3,60.5,58.65,60.35,17124,1020266
2015/8/27,60.6,60.65,60,60.15,18326,1106780
2015/8/28,61,61.9,61,61.8,18685,1150095
2015/8/31,61.3,62.35,61.2,62.3,18958,1171282
2015/9/1,61.9,62.6,61.5,61.75,12341,766117
2015/9/2,61.1,62.3,60.95,62.1,18170,1118387
2015/9/3,62.35,62.4,61.6,62.15,7544,468272
2015/9/4,62.15,62.55,61.35,61.35,15809,978164
2015/9/7,61.3,62.3,61.1,61.25,10156,624485
2015/9/8,61.5,61.65,61.1,61.45,9642,592119
2015/9/9,62.65,64.15,62.65,64.15,24002,1525864
2015/9/10,63.8,63.8,63.15,63.45,10185,646045
2015/9/11,63.3,63.7,63.05,63.5,7961,505297
2015/9/14,63.9,64,63.25,63.65,4390,279210
2015/9/15,63.75,63.85,63.05,63.15,5768,365313
2015/9/16,63.65,64,63.4,63.9,7423,473560
2015/9/17,64.5,65.15,64.5,65,12910,838052
2015/9/18,65,65,64.55,64.85,3507,227185
2015/9/21,64.05,64.1,63.2,63.45,9988,633936
2015/9/22,63.55,63.95,63.55,63.8,4331,275987
2015/9/23,63.2,63.2,62.2,62.35,10046,627965
2015/9/24,62.55,62.85,61.9,62,7365,458475
2015/9/25,62.15,62.35,61.6,62.25,5982,370529
2015/9/30,61.45,62.6,61.45,62.4,8574,533541
2015/10/1,62.6,63.7,62.2,63.6,11987,756665
2015/10/2,63.35,63.6,63.1,63.25,7572,479582
2015/10/5,63.8,64,63.25,63.4,5383,342144
2015/10/6,64.15,64.7,63.85,63.9,8301,533161
2015/10/7,63.9,64.85,63.9,64.85,8637,557001
2015/10/8,65.1,65.3,64.6,64.7,12360,803154
2015/10/12,65.05,65.9,65.05,65.55,17466,1144859
2015/10/13,65.6,65.65,65.15,65.3,7490,489761
2015/10/14,65.3,65.3,64.95,65.05,7136,464718
2015/10/15,65.65,66.35,65.65,66,14358,948629
2015/10/16,65.95,66,65.6,65.75,8189,538695
2015/10/19,66,66.2,65.7,65.95,7411,488570
2015/10/20,66,66.1,65.8,65.95,4527,298526
2015/10/21,66.1,66.15,65.4,65.5,11498,755188
2015/10/22,65.3,65.6,65.25,65.5,8066,527859
2015/10/23,66.2,66.5,65.85,65.9,20688,1367594
2015/10/26,64.5,64.85,64.45,64.55,12082,780928
2015/10/27,64.5,64.55,63.95,64.2,5723,367024
2015/10/28,64.2,64.25,63.6,63.75,5076,323952
2015/10/29,64.1,64.3,63.1,63.3,8414,533509
2015/10/30,63.3,63.45,62.8,63.2,5992,378136
2015/11/2,63.1,63.4,62.6,63.3,4831,304671
2015/11/3,63.8,64.4,63.8,64.3,9293,596847
2015/11/4,64.75,65.6,64.7,65.55,16551,1080387
2015/11/5,65.65,65.65,65.25,65.4,5902,385930
2015/11/6,65.4,65.4,63.65,64.1,11916,764182
2015/11/9,64,64.35,63.6,63.65,5533,353672
2015/11/10,63.3,63.4,62.85,62.9,8847,557862
2015/11/11,62.9,63,61.95,62.15,16293,1015415
2015/11/12,62.2,62.4,61.85,62.25,14214,883317
2015/11/13,61.8,62.45,61.55,61.6,20385,1262032
2015/11/16,61.2,61.3,60.6,61.15,13430,819613
2015/11/17,62,62.6,62,62.35,8728,544635
2015/11/18,62.35,62.35,61.2,61.4,14981,923580
2015/11/19,61.95,62.3,61.55,62.3,10131,627088
2015/11/20,62.35,62.5,62.05,62.3,5422,337472
2015/11/23,62.6,62.75,62.15,62.6,3463,216063
2015/11/24,62.5,62.65,61.85,61.95,6598,410058
2015/11/25,61.85,62.1,61.5,61.95,5964,368131
2015/11/26,62.3,62.95,62.3,62.8,8642,542094
2015/11/27,62.9,62.9,61.8,61.95,6291,390859
2015/11/30,60.9,61.2,60.45,61.2,23269,1412481
2015/12/1,61.7,62.45,61.45,62.4,8410,520636
2015/12/2,62.45,62.75,62.15,62.3,6361,397284
2015/12/3,61.9,62.55,61.7,62.4,6065,377724
2015/12/4,61.95,61.95,61.4,61.75,15049,928987
2015/12/7,62.2,63,62.2,62.5,14814,928256
2015/12/8,62.25,62.3,61.2,61.5,9201,566137
2015/12/9,61.2,61.35,60.7,60.75,16089,979993
2015/12/10,60.4,60.75,59.75,60.55,16616,999798
2015/12/11,60.55,60.7,59.8,59.85,13836,831653
2015/12/14,59.25,59.65,59,59.4,9529,565571
2015/12/15,59.7,60.05,59.35,59.45,6797,405048
2015/12/16,60,60.4,59.7,60.35,6530,392519
2015/12/17,60.55,61.05,60.35,61.05,7558,459332
2015/12/18,60.85,61.25,60.5,60.75,4893,297430
2015/12/21,60.05,60.75,59.9,60.65,4341,261776
2015/12/22,60.7,60.9,60.4,60.8,5139,311500
2015/12/23,60.95,61.3,60.8,60.9,7264,443538
2015/12/24,61.35,61.65,61.2,61.2,8456,519184
2015/12/25,61.2,61.6,61.2,61.6,6546,402014
2015/12/28,61.7,61.7,61.4,61.45,3449,212316
2015/12/29,61.4,61.4,60.8,61,3967,241951
2015/12/30,61.15,61.15,60.45,60.55,7262,440947
2015/12/31,60.55,60.95,60.5,60.75,3894,236578
2016/1/4,60.8,60.95,59.05,59.55,16928,1009176
2016/1/5,59.5,59.75,58.85,59.05,21784,1291792
2016/1/6,59.05,59.05,57.9,58.45,28940,1688040
2016/1/7,58.3,58.3,56.7,57.35,37962,2176501
2016/1/8,57,57.7,56.85,57.45,25451,1459153
2016/1/11,56.9,56.95,56,56.55,24356,1375352
2016/1/12,56.8,57,56.3,56.5,17650,998368
2016/1/13,57,57.5,56.75,57.15,11848,677683
2016/1/14,56.5,56.7,55.85,56.7,15487,871256
2016/1/15,57.1,57.5,56.25,56.7,20848,1181842
2016/1/18,55.9,57.3,55.8,57.1,13014,736737
2016/1/19,57,57.25,56.65,57.25,8111,462104
2016/1/20,56.85,56.85,55.6,55.9,22688,1270702
2016/1/21,56.1,56.3,55.6,55.8,10450,585123
2016/1/22,56.35,56.6,56,56.55,13944,784844
2016/1/25,57,57.8,57,57.55,12773,734245
2016/1/26,57,57.15,56.7,57,7584,431533
2016/1/27,57.4,57.45,56.95,57.25,9101,520457
2016/1/28,57.15,57.75,57,57.55,10225,588123
2016/1/29,57.5,59.1,57.25,59,20208,1180203
2016/1/30,59.45,59.7,59.2,59.55,13203,785684
2016/2/1,59.5,59.6,59.1,59.55,7968,473079
2016/2/2,59.45,59.55,59,59.35,4584,272135
2016/2/3,59,59.25,58.6,58.95,6990,412038
2016/2/15,58.3,59.1,58.1,59,7221,424602
2016/2/16,59.1,60.35,59.1,60.25,17822,1067789
2016/2/17,60.4,60.5,59.95,59.95,12474,750453
2016/2/18,60.8,61.15,60.5,60.9,16987,1034525
2016/2/19,60.8,61.05,60.6,60.85,11352,690604
2016/2/22,60.85,61.6,60.55,60.8,11614,710868
2016/2/23,61,61.15,60.7,60.85,4916,299143
2016/2/24,60.8,61.3,60.2,60.3,7764,471747
2016/2/25,60.6,61.35,60.5,61.1,16934,1033960
2016/2/26,61.35,61.7,60.9,61.25,14513,888888
2016/3/1,61.25,61.95,61.1,61.85,17237,1063545
2016/3/2,62.35,62.75,62.25,62.35,22871,1429352
2016/3/3,62.35,63.3,62.35,62.95,32603,2049950
2016/3/4,62.9,63.3,62.75,63.1,24051,1516905
2016/3/7,63.2,63.7,62.9,63.1,21498,1360686
2016/3/8,63,63.1,62.5,63.05,13635,856574
2016/3/9,63.05,63.15,62.65,63.1,8097,509284
2016/3/10,63.05,63.4,62.85,63.25,21353,1350248
2016/3/11,63.2,63.75,63.05,63.55,22682,1438882
2016/3/14,64,64.25,63.95,64,25832,1656759
2016/3/15,64,64.1,63,63.05,18906,1202923
2016/3/16,63.35,63.75,63.35,63.6,36277,2306691
2016/3/17,64.55,64.9,64.05,64.3,20031,1293324
2016/3/18,64.4,64.85,64.3,64.7,30880,1996525
2016/3/21,64.9,65.05,64.2,64.6,6057,391101
2016/3/22,64.35,64.55,63.85,64.4,8181,524896
2016/3/23,64.4,64.85,64.25,64.35,11997,773807
2016/3/24,64.25,64.5,63.7,64.35,8531,547518
2016/3/25,64.5,64.5,63.95,64.05,3795,243401
2016/3/28,64.05,64.4,63.8,64.1,7347,471125
2016/3/29,64,64.3,63.5,63.65,10742,685826
2016/3/30,64.05,64.9,64,64.7,29119,1881582
2016/3/31,65.1,65.4,64.45,64.65,16047,1040189
2016/4/1,64.25,64.35,63.6,63.9,4654,297565
2016/4/6,63.3,63.3,62.35,62.4,8957,560163
2016/4/7,62.5,62.5,61.6,62.15,20225,1253002
2016/4/8,61.8,62.8,61.8,62.75,6753,421875
2016/4/11,62.5,63.1,62.15,63,5355,335885
2016/4/12,63.05,63.5,62.75,62.95,2754,173786
2016/4/13,63.25,64.2,63.25,64.05,11847,757327
2016/4/14,64.4,64.6,64.1,64.25,8125,522525
2016/4/15,63.8,64.3,63.55,64.25,11673,749214
2016/4/18,64.05,64.2,63.85,63.85,2146,137218
2016/4/19,64.3,64.65,63.5,63.6,5841,374246
2016/4/20,63.5,64.1,62.55,62.65,8982,565821
2016/4/21,62.9,63.15,62.55,62.95,2857,179733
2016/4/22,62.95,63.4,62.8,63.2,2685,169440
2016/4/25,63.2,63.35,62.9,63.25,2864,181072
2016/4/26,63.1,63.9,63.1,63.5,4895,311242
2016/4/27,63.2,63.6,63,63.4,2470,156496
2016/4/28,63.5,63.55,62.15,62.4,10322,645804
2016/4/29,61.85,62,61.35,61.6,7267,447869
2016/5/3,61.6,61.6,60.7,60.75,9712,591944
2016/5/4,60.75,60.85,59.8,60.1,14504,873689
2016/5/5,60.1,60.25,59.65,60.2,14591,873838
2016/5/6,60,60,59.45,59.7,22005,1312342
2016/5/9,59.9,60,59.4,59.7,14499,865315
2016/5/10,59.7,60.2,59.4,60,13153,786853
2016/5/11,60.2,60.3,59.55,59.85,19054,1140115
2016/5/12,59.7,60,59.65,59.8,13397,801007
2016/5/13,59.55,59.55,59,59.15,29669,1756484
2016/5/16,59.15,59.7,59.1,59.6,6646,395168
2016/5/17,59.65,60.1,59.25,60.05,12345,736148
2016/5/18,59.7,60,59.25,59.95,8580,512036
2016/5/19,60,60.05,59.3,59.65,8050,479673
2016/5/20,59.85,60.3,59.6,60,8126,487898
2016/5/23,60.1,62,59.85,62,21664,1324827
2016/5/24,61.75,61.85,61.35,61.35,6418,395104
2016/5/25,61.75,62.25,61.75,62,25859,1604438
2016/5/26,62.05,62.15,61.8,62.15,26045,1616085
2016/5/27,62.4,62.65,62.2,62.6,25760,1608299
2016/5/30,62.6,63.35,62.5,63.15,26912,1692323
2016/5/31,63.05,63.35,62.8,63.15,8679,547637
2016/6/1,62.95,63.85,62.95,63.7,25002,1589747
2016/6/2,63.7,64.05,63.4,63.7,13721,875257
2016/6/3,63.6,64,63.6,63.85,11793,752786
2016/6/4,63.75,64,63.7,63.95,3201,204558
2016/6/6,64,64.6,63.65,64.05,12991,833738
2016/6/7,64.3,64.95,64.3,64.9,30838,1994631
2016/6/8,65,65.55,65,65.25,26065,1703251
2016/6/13,64.3,64.45,63.7,63.75,9520,609294
2016/6/14,63.5,64.2,63.5,64.15,6412,410427
2016/6/15,64.15,64.4,63.6,64.25,22583,1450755
2016/6/16,64.1,64.1,63,63.35,8999,571056
2016/6/17,63.85,64.4,63.85,64.05,5809,372933
2016/6/20,64.5,64.65,64.35,64.5,10308,664918
2016/6/21,64.5,64.95,64.45,64.75,18113,1172740
2016/6/22,64.75,64.95,64.55,64.95,10547,683586
2016/6/23,64.8,64.85,64.55,64.8,32188,2084118
2016/6/24,64.75,64.9,62.05,63.1,31665,2008281
2016/6/27,63.2,63.75,63,63.75,4931,313187
2016/6/28,63.1,64.05,63.05,64,5337,339754
2016/6/29,64.15,65,64.15,64.7,9101,588313
2016/6/30,65.15,65.45,64.65,65.45,25345,1653395
2016/7/1,65.85,66.4,65.65,66.25,30668,2028999
2016/7/4,66.1,66.75,66,66.3,9990,663821
2016/7/5,66.2,66.25,65.85,66.1,5998,396553
2016/7/6,65.6,65.6,64.7,64.9,8731,566691
2016/7/7,65.45,65.75,65.35,65.7,6588,431861
2016/7/11,66.7,67.25,66.7,67,22208,1487830
2016/7/12,67.15,67.6,67.15,67.6,15397,1038392
2016/7/13,67.85,67.9,67.1,67.65,9435,636855
2016/7/14,67.5,67.85,67.3,67.7,10110,684177
2016/7/15,67.8,68.5,67.8,68.5,15543,1061294
2016/7/18,68.45,69.15,68.45,69.15,36848,2537887
2016/7/19,69.2,69.3,68.8,69.25,17046,1179011
2016/7/20,69,69.3,68.8,69.2,24718,1708767
2016/7/21,69.45,69.9,69.35,69.55,9980,695901
2016/7/22,69.55,69.7,69.2,69.3,3265,226629
2016/7/25,69.5,69.95,68.35,69,11676,804812
2016/7/26,69,69.4,68.85,69.4,13212,913810
2016/7/27,69.65,69.95,69.5,69.7,11118,775556
2016/7/28,69,69.25,68.6,69.05,11452,790887
2016/7/29,68.85,69.2,68.55,68.55,19390,1335213
2016/8/1,68.8,69.45,68.8,69.3,10407,720964
2016/8/2,69.25,69.4,69.1,69.3,7117,492813
2016/8/3,68.5,68.9,68.05,68.75,13801,946585
2016/8/4,68.85,68.95,68.35,68.9,10675,733254
2016/8/5,69.1,69.75,68.9,69.6,12423,864172
2016/8/8,70,70.25,69.7,70.05,7903,553044
2016/8/9,70,70.45,69.95,70.4,11568,812755
2016/8/10,70.3,70.6,70.05,70.6,6498,457604
2016/8/11,70.2,70.55,69.45,69.95,10903,764847
2016/8/12,70.15,70.5,70.05,70.2,5259,369628
2016/8/15,70.2,70.5,69.9,70.35,4797,337198
2016/8/16,70.3,70.5,69.7,69.95,4432,310743
2016/8/17,69.9,70.1,69.75,70.05,8925,624761
2016/8/18,70,70.15,69.8,69.9,3275,229222
2016/8/19,69.9,70.45,69.2,69.2,8300,577769
2016/8/22,69,69.15,68.45,68.7,7083,486607
2016/8/23,68.9,69.6,68.9,69.4,7084,491064
2016/8/24,69.35,69.55,69.2,69.2,5071,351621
2016/8/25,69.3,70.15,69.3,70,8023,560918
2016/8/26,69.95,70.3,69.8,70.1,2992,209743
2016/8/29,69.9,70.15,69.2,70.05,3555,247993
2016/8/30,70,70.25,69.8,70,3791,265331
2016/8/31,69.85,70.05,69.3,69.4,5206,362947
2016/9/1,69.3,69.3,68.6,69.05,5965,411120
2016/9/2,69.1,69.3,68.8,69.15,2615,180789
2016/9/5,69.8,70.3,69.8,70.3,8523,597722
2016/9/6,70.25,70.9,70.25,70.85,7343,518714
2016/9/7,70.95,71.9,70.95,71.85,9687,693085
2016/9/8,71.8,71.8,71.4,71.6,4674,334566
2016/9/9,70.9,70.9,70.35,70.4,5230,368985
2016/9/10,69.15,69.6,69,69.4,8826,612259
2016/9/12,69.35,69.35,68.7,68.85,7236,498384
2016/9/13,69.1,69.2,68.2,68.85,7123,490200
2016/9/14,68.5,69.05,68.45,68.45,5624,386565
2016/9/19,69.4,71,69.4,71,9888,695261
2016/9/20,70.9,71,70.6,70.9,2795,197879
2016/9/21,70.75,71.35,70.55,71.25,12156,864927
2016/9/22,71.9,72,71.25,71.4,4929,352531
2016/9/23,71.5,71.9,71.4,71.9,4216,302471
2016/9/26,71.5,71.5,71,71,3737,265908
2016/9/29,71.85,72.15,71.4,71.9,9624,691781
2016/9/30,71.15,71.35,70.8,70.95,5844,415284
2016/10/3,71.2,71.6,71.1,71.45,3888,277329
2016/10/4,71.45,71.75,71.3,71.75,5170,370215
2016/10/5,71.6,71.85,71.45,71.5,2838,203317
2016/10/6,71.7,71.75,71.45,71.7,2072,148366
2016/10/7,71.6,71.8,71.6,71.65,3053,218908
2016/10/11,72.35,72.45,71.2,71.45,6946,499048
2016/10/12,71.5,72.3,71.35,72.25,6057,435873
2016/10/13,72.2,72.3,71.45,71.7,5455,391910
2016/10/14,71.3,71.9,71.3,71.45,3633,259915
2016/10/17,71.45,71.6,70.6,71.45,4422,314012
2016/10/18,71.5,71.95,71.3,71.95,3620,259443
2016/10/19,72,72.6,72,72.35,21575,1563480
2016/10/20,72.35,72.75,72.35,72.65,4836,351124
2016/10/21,72.65,73.05,72.55,72.6,4235,308183
2016/10/24,72.85,72.95,72.6,72.7,3265,237613
2016/10/25,72.85,73.5,72.85,73.4,3716,271850
2016/10/26,73,73.15,72.9,73,2868,209503
2016/10/27,73,73.15,72.4,72.6,3170,230465
2016/10/28,72.6,72.75,72.45,72.6,4275,310172
2016/10/31,72.25,72.7,71.7,72.6,5464,394236
2016/11/1,72.25,72.6,72.1,72.6,2024,146646
2016/11/2,71.95,72,71.6,71.75,5502,394615
2016/11/3,71.45,71.6,71.1,71.2,4555,324765
2016/11/4,71,71.2,70.85,71,4346,308627
2016/11/7,71.8,72,71.45,72,3235,232394
2016/11/8,72.15,72.4,72,72.35,2694,194531
2016/11/9,72.85,73.05,70,70,19937,1410922
2016/11/10,71.8,72.1,71.75,72,6700,481885
2016/11/11,70.35,70.7,69.95,70.05,8376,588020
2016/11/14,69.95,70.3,69.45,70.1,7117,496754
2016/11/15,69.8,70.1,69.75,69.9,4016,280810
2016/11/16,70.2,70.5,69.95,70,24750,1739238
2016/11/17,70,70.2,69.75,70.2,3313,232129
2016/11/18,70.1,70.4,69.9,70.4,2120,148731
2016/11/21,70.3,70.5,70.1,70.5,2650,186524
2016/11/22,70.75,71.65,70.75,71.45,5294,377012
2016/11/23,71.5,71.9,71.45,71.8,1908,136842
2016/11/24,71.6,71.6,71.2,71.4,2303,164355
2016/11/25,71.35,71.65,71.25,71.35,2649,189254
2016/11/28,71.35,72,71.35,71.75,2646,189939
2016/11/29,71.9,72,71.65,71.65,1418,101829
2016/11/30,71.7,71.9,71.5,71.7,1918,137592
2016/12/1,71.6,72.1,71.6,72,1956,140730
2016/12/2,71.2,71.2,70.9,71.2,3308,235129
2016/12/5,71.2,71.2,70.8,71.1,1388,98577
2016/12/6,71.8,72.2,71.75,72,2436,175404
2016/12/7,72.2,72.35,71.9,72,1467,105807
2016/12/8,72.3,73,72.3,72.9,6086,442984
2016/12/9,73.05,73.2,72.95,73.15,5418,395995
2016/12/12,73.3,73.55,72.75,72.85,3209,234599
2016/12/13,72.85,73,72.65,72.95,2549,185728
2016/12/14,73.2,73.3,72.9,73.1,2828,206669
2016/12/15,72.55,73,72.4,73,3018,219455
2016/12/16,72.8,72.8,72.3,72.3,2148,155908
2016/12/19,72.25,72.3,71.85,71.85,2681,193048
2016/12/20,71.95,71.95,71.55,71.75,2030,145669
2016/12/21,71.75,71.85,71.5,71.7,9321,668442
2016/12/22,71.55,71.55,70.8,70.8,4972,352951
2016/12/23,70.6,70.85,70.35,70.55,5126,361673
2016/12/26,70.65,70.8,70.55,70.8,2105,148796
2016/12/27,70.8,70.9,70.65,70.75,2494,176417
2016/12/28,70.85,71.6,70.85,71.6,3686,263089
2016/12/29,71.45,71.45,71.2,71.25,1911,136351
2016/12/30,71.65,72,71.55,71.8,2726,195670
2017/1/3,71.7,71.9,71.5,71.9,2331,167301
2017/1/4,72,72.1,71.75,71.85,4284,308178
2017/1/5,71.85,72.5,71.8,72.5,4574,330423
2017/1/6,72.45,72.75,72.45,72.65,3753,272388
2017/1/9,72.75,72.95,72.3,72.45,5038,366344
2017/1/10,72.45,72.6,72.4,72.4,1858,134625
2017/1/11,72.8,72.85,72.4,72.4,1898,137621
2017/1/12,72.6,73.3,72.6,73.15,4857,354848
2017/1/13,72.8,72.8,72.6,72.6,3910,284091
2017/1/16,72.4,72.4,71.8,72,2418,174146
2017/1/17,72,72.4,72,72.3,1573,113686
2017/1/18,72.2,72.2,72.05,72.15,3838,276891
2017/1/19,71.85,72.1,71.6,71.95,4066,292416
2017/1/20,71.95,72.25,71.95,72.15,2422,174730
2017/1/23,72.55,73,72.55,72.75,5965,434673
2017/1/24,73,73.3,72.9,73.3,4575,334830
2017/2/2,73.5,73.65,72.75,72.9,6999,511783
2017/2/3,72.95,73.15,72.65,72.85,2809,204727
2017/2/6,73,73.4,72.95,73.25,2947,215766
2017/2/7,73.1,73.45,73.1,73.3,4305,315682
2017/2/8,71.9,71.9,71.35,71.75,4434,317740
2017/2/9,71.75,72.2,71.65,72,3548,255343
2017/2/10,72.1,72.95,72.1,72.8,4870,353758
2017/2/13,72.8,73.1,72.8,72.95,3330,243216
2017/2/14,73.4,73.5,73.1,73.2,6072,445062
2017/2/15,73.3,73.9,73.2,73.9,9407,692432
2017/2/16,74,74.2,73.35,73.45,5467,402439
2017/2/17,73.65,73.7,73.35,73.35,5193,381393
2017/2/18,73.3,73.55,73.2,73.5,3228,237095
2017/2/20,73.55,73.65,73.1,73.1,2785,204145
2017/2/21,73.2,73.4,73.05,73.25,3337,244318
2017/2/22,73.6,73.7,73.15,73.3,2931,215007
2017/2/23,73.25,73.55,73.1,73.1,2332,170966
2017/2/24,73.05,73.3,72.85,73.15,1845,134857
2017/3/1,73.1,73.1,72.35,72.35,3107,225726
2017/3/2,72.95,73.25,72.25,72.55,7058,512240
2017/3/3,72.3,72.35,72,72.1,4410,318136
2017/3/6,72.05,72.25,72,72.15,2177,157106
2017/3/7,72.25,72.6,72.25,72.45,2027,146869
2017/3/8,72.65,72.85,72.45,72.85,2182,158530
2017/3/9,72.6,72.6,71.95,72.05,3381,243825
2017/3/10,71.95,72.05,71.55,72,5423,389032
2017/3/13,72.15,72.5,72.15,72.5,2515,182074
2017/3/14,72.6,73.1,72.6,73,3948,287953
2017/3/15,72.8,73,72.6,72.85,3490,254234
2017/3/16,73.3,73.85,73.3,73.8,7545,555972
2017/3/17,73.85,74.1,73.75,74,5266,389527
2017/3/20,73.95,74.15,73.85,73.95,5073,375540
2017/3/21,74.3,74.9,74.3,74.9,8511,634989
2017/3/22,74.25,74.25,74,74.2,4940,366164
2017/3/23,74.6,74.65,74.15,74.35,4106,305445
2017/3/24,74.35,74.4,74.1,74.25,3308,245457
2017/3/27,74,74.4,73.85,74.2,2474,183602
2017/3/28,74.55,74.6,73.95,74.25,5556,412728
2017/3/29,74.45,74.5,74,74,2464,182878
2017/3/30,74,74.25,73.9,73.9,2181,161500
2017/3/31,73.95,74.1,73.7,73.7,2009,148378
2017/4/5,73.95,74.8,73.95,74.65,3594,267911
2017/4/6,74.8,74.8,74.3,74.4,2811,209241
2017/4/7,74.3,74.3,73.4,74.1,1889,139506
2017/4/10,74.1,74.25,74,74.2,1061,78626
2017/4/11,74.1,74.4,73.75,73.9,1267,93780
2017/4/12,73.9,74.1,73.65,74.05,1940,143460
2017/4/13,73.9,74.45,73.9,74.4,6005,446309
2017/4/14,73.9,73.9,73.5,73.55,2674,196995
2017/4/17,73.55,73.8,73.35,73.6,5339,393147
2017/4/18,73.85,74,73.5,73.6,4100,302372
2017/4/19,73.1,73.25,72.65,72.8,9185,669533
2017/4/20,72.55,72.9,72.5,72.8,3142,228422
2017/4/21,73.25,73.5,73.1,73.5,3247,238184
2017/4/24,73.9,73.95,73.45,73.65,4309,317407
2017/4/25,73.85,74.4,73.7,74.35,5698,422598
2017/4/26,74.7,74.7,74.4,74.55,4118,307090
2017/4/27,74.35,74.5,74.15,74.5,3685,273944
2017/4/28,74.5,74.6,74.3,74.55,4423,329449
2017/5/2,75,75.4,75,75.2,15728,1183549
2017/5/3,75.3,75.65,75.3,75.55,4698,354675
2017/5/4,75.55,75.65,75.35,75.65,3997,301811
2017/5/5,75.45,75.45,75.1,75.15,5288,397881
2017/5/8,75.55,75.7,75.25,75.7,4083,308091
2017/5/9,75.7,76.5,75.7,75.95,4190,319313
2017/5/10,76.15,76.35,76,76.25,1763,134245
2017/5/11,76.1,76.5,76,76.5,2002,152900
2017/5/12,76.25,76.5,76.15,76.3,2811,214493
2017/5/15,76.3,76.55,76.2,76.5,1286,98285
2017/5/16,76.5,76.6,76.25,76.5,1590,121455
2017/5/17,76.3,76.4,76.05,76.3,1332,101439
2017/5/18,75.65,75.9,75.3,75.9,4265,322866
2017/5/19,75.65,75.9,75.65,75.85,1163,88167
2017/5/22,75.95,76.15,75.75,76.05,2576,195791
2017/5/23,76.05,76.45,76,76.35,3844,292888
2017/5/24,76.35,76.45,76.25,76.3,2886,220350
2017/5/25,76.7,77,76.45,77,4682,360095
2017/5/26,77,77.15,76.75,76.95,4018,308975
2017/5/31,76.95,77.5,76.4,76.5,2701,207173
2017/6/1,76.5,76.9,76.5,76.9,2222,170334
2017/6/2,77.3,77.3,77.05,77.2,3541,273288
2017/6/3,77.25,77.4,77.25,77.4,2052,158710
2017/6/5,77.35,78,77.25,78,3282,254540
2017/6/6,77.95,77.95,77.7,77.95,1203,93684
2017/6/7,77.9,78.1,77.7,77.95,1845,143853
2017/6/8,77.95,78.25,77.8,78.25,1887,147421
2017/6/9,78.05,78.35,77.95,78,3010,235254
2017/6/12,77.15,77.5,77.05,77.15,3301,254991
2017/6/13,77.15,77.3,77,77.25,1616,124661
2017/6/14,77.4,77.4,76.5,76.85,3381,259920
2017/6/15,76.8,76.9,76.6,76.9,1507,115743
2017/6/16,76.9,77.7,76.85,77.7,4233,327235
2017/6/19,77.7,78.55,77.7,78.55,5145,403116
2017/6/20,78.6,79.65,78.6,79.45,4047,320906
2017/6/21,79.2,79.9,78.85,79.55,13613,1084760
2017/6/22,79.6,79.85,79.55,79.75,6113,487656
2017/6/23,79.75,80.05,79.65,79.7,8517,679314
2017/6/26,79.8,81.5,79.8,81.4,14254,1152368
2017/6/27,81.4,81.5,81,81.3,3014,244715
2017/6/28,80.9,81.05,80.3,80.55,6287,506228
2017/6/29,81,81.05,80.5,80.65,1427,115380
2017/6/30,80.1,80.4,79.8,80.4,3071,245991
2017/7/3,80.4,80.6,80.2,80.45,1551,124699
2017/7/4,80.45,80.6,80,80,1237,99372
2017/7/5,80.1,80.75,79.75,80.75,2274,182530
2017/7/6,80.75,80.75,80.2,80.4,2492,200269
2017/7/7,80.25,80.25,79.8,79.95,3570,285400
2017/7/10,80,80.45,80,80.35,3550,284771
2017/7/11,80.7,81.55,80.55,81.55,4121,334796
2017/7/12,81.5,81.8,81.3,81.55,3948,322133
2017/7/13,81.95,82.4,81.75,82.2,3993,328059
2017/7/14,82,82.15,81.8,82.05,2282,187063
2017/7/17,82.5,82.55,82,82.2,2688,221106
2017/7/18,82.2,82.4,81.85,82.4,3278,269433
2017/7/19,82.35,83,82.35,82.7,7268,601076
2017/7/20,82.85,82.9,82.55,82.65,2021,167118
2017/7/21,82.6,82.6,82.05,82.1,4466,367035
2017/7/24,81.95,82.3,81.75,82.3,2364,194054
2017/7/25,82.3,82.5,82.1,82.45,2127,175014
2017/7/26,82.55,82.75,82.05,82.15,2357,194141
2017/7/27,82.2,83,82.2,83,2214,183279
2017/7/28,82.4,82.45,81.95,82.1,4402,361925
2017/7/31,81.45,81.5,81.05,81.35,2807,228312
2017/8/1,82.15,82.15,81.55,81.8,2642,216364
2017/8/2,82,82.65,82,82.5,5045,415944
2017/8/3,81.85,82.35,81.7,82.2,4029,330914
2017/8/4,82.15,82.35,82.05,82.35,1144,94090
2017/8/7,82.45,83,82.45,82.95,4109,340304
2017/8/8,83.05,83.25,82.55,82.9,2986,247503
2017/8/9,82.55,82.6,82.05,82.15,3122,256747
2017/8/10,82.35,82.45,81.35,81.6,3169,258729
2017/8/11,80.85,81.35,80.75,81.25,2747,222731
2017/8/14,81.45,81.6,80.75,80.75,2245,182057
2017/8/15,81.3,81.5,80.95,81.3,2709,220018
2017/8/16,81.15,81.25,80.6,81,6283,507697
2017/8/17,81.25,81.7,81.15,81.65,1969,160481
2017/8/18,81,81.15,80.65,81.15,2316,187446
2017/8/21,81.05,81.2,80.75,81.05,2050,166059
2017/8/22,81.45,81.9,81.45,81.85,3987,326026
2017/8/23,82,82.25,81.75,81.75,5505,451487
2017/8/24,81.85,82.55,81.85,82.55,3488,287290
2017/8/25,82.65,82.75,82.4,82.7,2615,216110
2017/8/28,82.7,82.8,82.4,82.55,2773,229033
2017/8/29,82.25,82.4,81.95,82.3,1229,100988
2017/8/30,82.65,82.9,82.6,82.7,4120,340949
2017/8/31,83.15,83.15,82.7,82.95,3284,272401
2017/9/1,82.95,83.2,82.65,83,4429,367699
2017/9/4,82.9,83.05,82.7,82.85,2596,215380
2017/9/5,82.9,83,82.65,82.95,2564,212298
2017/9/6,82.7,82.9,82.35,82.6,2891,239136
2017/9/7,82.8,82.85,82.2,82.25,1369,112962
2017/9/8,82.4,82.9,82.4,82.7,2842,235026
2017/9/11,83.25,83.35,82.5,82.55,1628,134841
2017/9/12,82.95,83.05,82.65,82.85,1394,115579
2017/9/13,82.9,83,82.25,82.3,2175,179337
2017/9/14,82.3,82.55,82.15,82.35,1750,144135
2017/9/15,82.35,82.5,82.1,82.35,1821,149836
2017/9/18,82.85,83.15,82.6,83.15,2693,223440
2017/9/19,83.2,83.3,82.65,82.75,1456,120871
2017/9/20,82.5,82.65,82.1,82.2,9964,818693
2017/9/21,82.05,82.8,81.95,82.7,1830,150729
2017/9/22,82.6,82.6,81.55,81.6,5606,458419
2017/9/25,81.55,81.55,80.75,80.95,7071,572822
2017/9/26,80.8,81.05,80.3,80.3,11752,947629
2017/9/27,80.6,80.9,80.55,80.7,6243,504136
2017/9/28,80.75,80.8,80.3,80.4,6899,555465
2017/9/29,80.45,80.65,80.3,80.65,3444,277187
2017/9/30,81,81.2,80.85,81.2,1585,128476
2017/10/2,81.25,81.6,81.25,81.5,3261,265640
2017/10/3,81.55,81.7,81.3,81.5,1578,128665
2017/10/5,81.5,82.1,81.5,81.85,6407,524400
2017/10/6,82.1,82.2,81.95,82.1,4127,338645
2017/10/11,82.45,83.4,82.45,83.4,15975,1328351
2017/10/12,83.55,84.2,83.55,84.2,8770,736349
2017/10/13,83.95,84.05,83.75,84.05,3596,301743
2017/10/16,84.05,84.5,84.05,84.5,4046,340973
2017/10/17,84.55,84.7,84.3,84.3,3234,273274
2017/10/18,84.8,85,84.3,84.6,4473,378301
2017/10/19,84.7,85.2,84.7,84.9,2447,208034
2017/10/20,84.4,84.85,84.4,84.55,1726,146032
2017/10/23,84.7,84.95,84.45,84.5,1772,149959
2017/10/24,84.5,84.5,84.2,84.4,1072,90505
2017/10/25,84.3,84.6,84.2,84.35,2417,203864
2017/10/26,84.15,84.4,84,84.25,3226,271833
2017/10/27,84.3,84.75,84.2,84.3,2141,180899
2017/10/30,85.1,85.35,84.8,84.95,3358,285709
2017/10/31,85,85.35,84.8,85.2,2131,181430
2017/11/1,85.35,85.4,84.95,85.1,1314,111897
2017/11/2,84.95,85.05,84.7,84.8,1563,132638
2017/11/3,84.95,85.05,84.6,84.7,1456,123452
2017/11/6,85.2,85.3,84.6,84.85,1573,133589
2017/11/7,85,85.3,84.85,85.3,2211,188229
2017/11/8,85.2,85.2,84.95,84.95,810,68868
2017/11/9,84.95,85.05,84.4,84.4,1258,106727
2017/11/10,84.3,84.55,83.95,84.55,923,77817
2017/11/13,84.25,84.4,84.2,84.3,979,82529
2017/11/14,84.3,84.3,83.95,84.15,1016,85431
2017/11/15,83.8,83.85,83.15,83.3,6070,506648
2017/11/16,83.3,83.75,83.2,83.6,2177,181765
2017/11/17,84.3,84.45,84.15,84.35,7196,606872
2017/11/20,84.4,84.45,83.9,84,2301,193526
2017/11/21,83.9,84.8,83.9,84.75,4470,376042
2017/11/22,85.15,85.6,84.9,85.15,4914,419446
2017/11/23,85.15,85.35,84.95,85.2,1552,132162
2017/11/24,85.25,85.3,84.95,85.15,1069,91012
2017/11/27,85.15,85.15,84.1,84.15,2127,179562
2017/11/28,83.95,84,83.5,83.6,2007,167971
2017/11/29,83.65,83.95,83.55,83.7,1382,115678
2017/11/30,83,83,82.25,82.25,8038,663634
2017/12/1,82.15,82.9,81.65,82.6,5620,462116
2017/12/4,82.65,82.95,82.35,82.9,1504,124232
2017/12/5,82.55,82.65,82.2,82.25,1880,154873
2017/12/6,82.1,82.1,80.85,80.85,13235,1076017
2017/12/7,81.2,81.25,80.45,80.9,7309,590253
2017/12/8,81.5,81.5,80.65,80.9,6280,507950
2017/12/11,81.2,81.65,81.2,81.5,2739,223183
2017/12/12,81.4,81.5,80.55,80.95,3941,318855
2017/12/13,81.1,81.2,80.9,81,1677,135829
2017/12/14,81.55,82,81.35,81.75,2246,183713
2017/12/15,81.65,81.65,80.65,81.1,4077,329950
2017/12/18,81.2,81.25,80.85,81.2,3843,311719
2017/12/19,81.2,81.4,80.7,80.8,4095,331846
2017/12/20,80.8,81.1,80.75,81.05,4652,376271
2017/12/21,81.1,81.35,81,81,1241,100664
2017/12/22,80.8,81.35,80.7,81.3,1645,133060
2017/12/25,81.3,81.55,81.3,81.45,1003,81627
2017/12/26,81.45,81.45,80.5,80.65,2578,208313
2017/12/27,80.6,80.9,80.55,80.9,3600,290733
2017/12/28,81.25,81.75,81.25,81.7,3095,252392
2017/12/29,81.75,82.2,81.75,82.15,4690,384768
2018/1/2,82.15,82.6,82.15,82.6,3613,298033
2018/1/3,82.95,83.45,82.95,83.35,7196,599476
2018/1/4,83.5,83.65,83.2,83.5,5628,469313
2018/1/5,83.5,83.8,83.3,83.75,7617,636769
2018/1/8,83.8,84.15,83.7,84.1,5190,435776
2018/1/9,84.1,84.25,83.9,84.15,3665,308058
2018/1/10,84.1,84.25,83.55,83.75,5750,482359
2018/1/11,83.65,83.7,83.1,83.4,2579,214868
2018/1/12,83.55,84.2,83.5,84.1,2871,241215
2018/1/15,84.55,84.7,84.4,84.65,2802,236982
2018/1/16,84.65,85,84.5,85,3956,335496
2018/1/17,84.65,85.45,84.65,85.15,5698,485174
2018/1/18,85.5,86.55,85.5,86.3,6899,594091
2018/1/19,86.35,87.15,86.35,87.15,5302,461040
2018/1/22,87.15,87.95,87.15,87.95,4441,389066
2018/1/23,88.05,88.4,87.9,88.3,5800,511406
2018/1/24,88,88,86.85,87.2,5103,444907
2018/1/25,87.25,88.3,87.15,87.45,4984,436968
2018/1/26,87.45,87.6,86.85,87.5,7775,678482
2018/1/29,85.5,86.15,85.2,85.55,6446,551351
2018/1/30,85.2,85.35,84.5,84.55,4966,421573
2018/1/31,84.4,85,84.15,84.65,4252,359041
2018/2/1,84.75,85.5,84.75,85.25,2915,248421
2018/2/2,84.85,85.15,84.35,84.9,3082,261095
2018/2/5,83.2,83.75,82.9,83.6,7076,588994
2018/2/6,80.85,81.1,78.8,79.65,32223,2574017
2018/2/7,81.35,81.4,80.6,80.65,10182,825540
2018/2/8,80.65,80.95,80.3,80.6,4515,363477
2018/2/9,78.6,79.2,78,79.05,16211,1271812
2018/2/12,79.55,79.9,79.4,79.7,8444,672978
2018/2/21,81.4,81.7,81.1,81.5,11646,948994
2018/2/22,81.5,81.5,80.75,81,3750,303822
2018/2/23,81.4,82.1,81.4,82,3579,292845
2018/2/26,82.55,82.8,82.35,82.4,3289,271560
2018/2/27,83.1,83.2,82.35,82.35,7664,634417
2018/3/1,81.55,81.95,81.15,81.75,4344,354596
2018/3/2,80.85,81.2,80.45,81.15,6262,505982
2018/3/5,81.1,81.5,80.65,80.75,3724,301898
2018/3/6,81.65,82.15,81.6,82.15,5532,452834
2018/3/7,81.75,82.45,81.7,81.8,2619,214899
2018/3/8,82.15,82.8,82.15,82.75,3233,266947
2018/3/9,82.9,83,82.7,82.85,2832,234740
2018/3/12,83.6,84.25,83.55,84.15,8752,735446
2018/3/13,84.35,84.95,84.3,84.95,9837,831704
2018/3/14,84.35,84.45,84,84.3,3416,287870
2018/3/15,84,84.3,83.9,84.25,3507,295015
2018/3/16,84,84.2,83.1,83.9,5511,460022
2018/3/19,83.65,84.1,83.45,83.85,2036,170676
2018/3/20,83.2,83.8,83.2,83.8,2895,241726
2018/3/21,83.8,84.1,83.6,83.85,4892,410077
2018/3/22,84,84.6,83.45,83.55,3430,288140
2018/3/23,81.85,82.4,81.8,82.1,8060,661353
2018/3/26,81.85,82.2,81.6,82.2,4369,357832
2018/3/27,83,83.4,82.95,83.4,3278,272572
2018/3/28,82.9,82.9,82.2,82.25,4161,343128
2018/3/29,82.25,82.35,81.8,82.1,4100,336214
2018/3/30,82.65,83.05,82.65,82.85,4973,412328
2018/3/31,82.85,83.05,82.75,82.95,878,72801
2018/4/2,82.85,82.95,82.15,82.25,3737,307814
2018/4/3,81.5,81.55,81.2,81.5,6188,503436
2018/4/9,82.15,82.3,81.6,82.2,3401,278923
2018/4/10,82.1,82.85,81.75,82.5,3860,318719
2018/4/11,82.9,83.1,82.75,82.85,2604,215930
2018/4/12,83.05,83.15,82.25,82.5,3592,296423
2018/4/13,82.7,82.8,82.3,82.5,2983,246304
2018/4/16,82.65,82.65,82,82.3,1809,148796
2018/4/17,82.4,82.4,81.35,81.4,4325,352876
2018/4/18,81.6,82.1,81.35,81.6,3740,305624
2018/4/19,81.9,82.65,81.9,82.65,4461,367817
2018/4/20,81,81.1,80.5,80.75,9018,728326
2018/4/23,80.25,80.45,79.9,79.95,10625,850770
2018/4/24,79.9,79.95,79.05,79.55,16868,1341876
2018/4/25,79.25,79.3,78.8,79.3,16461,1301833
2018/4/26,79.7,79.7,78.8,79.05,16486,1305125
2018/4/27,79.6,79.65,78.8,79.2,12396,979828
2018/4/30,79.65,80.15,79.05,80,6517,519421
2018/5/2,80.05,80.15,79.4,79.4,5513,439622
2018/5/3,79.05,79.05,78.35,78.55,8823,694073
2018/5/4,78.55,79,78.4,78.95,3475,273249
2018/5/7,79.5,79.55,78.8,79.5,3858,305849
2018/5/8,79.4,80.05,79.35,80,5352,427504
2018/5/9,80,80.55,80,80.45,3359,270071
2018/5/10,80.7,80.7,80.45,80.65,5977,481662
2018/5/11,81.1,81.7,81.05,81.6,17654,1436892
2018/5/14,82,82.6,81.9,82.5,17198,1414608
2018/5/15,82.35,82.4,81.65,81.65,7222,592066
2018/5/16,81.45,81.8,81.4,81.75,8294,677321
2018/5/17,81.95,82,81.2,81.2,1941,158111
2018/5/18,81.2,81.5,80.85,80.95,2361,191353
2018/5/21,81.2,82.1,81.2,82.05,3890,318673
2018/5/22,81.8,82.3,81.75,81.75,1837,150712
2018/5/23,81.9,82,81.3,81.35,2124,173329
2018/5/24,81.35,81.7,81.25,81.55,1135,92526
2018/5/25,81.55,82.05,81.4,81.85,3116,254972
2018/5/28,82.05,82.25,82,82.2,2940,241486
2018/5/29,82.2,82.2,81.5,81.85,1389,113428
2018/5/30,81.4,81.4,80.3,80.4,6178,497864
2018/5/31,80.8,80.95,80.55,80.75,1606,129629
2018/6/1,80.8,81.45,80.8,81.35,1849,150142
2018/6/4,81.8,82.6,81.8,82.6,7081,583108
2018/6/5,82.7,82.7,82.25,82.5,2696,222338
2018/6/6,82.65,83.35,82.65,83.3,6398,531456
2018/6/7,83.5,83.6,83,83.45,6704,557849
2018/6/8,83.3,83.3,82.5,82.55,3470,287811
2018/6/11,82.8,82.95,82.4,82.65,3264,269605
2018/6/12,82.25,82.5,81.95,82.5,2243,184469
2018/6/13,82.45,83.1,82.35,83,4668,386299
2018/6/14,82.5,82.55,81.75,81.75,3564,292513
2018/6/15,81.6,81.95,81.2,81.95,3862,314683
2018/6/19,81.1,81.2,80.6,80.6,4994,403588
2018/6/20,80.65,81.7,80.3,81.5,7867,637797
2018/6/21,81.5,81.6,81.2,81.25,2135,173684
2018/6/22,80.8,81.2,80.35,81.15,6482,523158
2018/6/25,80.85,81.05,80.7,80.9,7993,646507
2018/6/26,80.7,80.7,80,80.7,16434,1320543
2018/6/27,80.75,80.9,80.3,80.4,8308,668958
2018/6/28,80.05,80.4,79.8,80.05,12064,965311
2018/6/29,80.3,81.55,80.2,81.45,6584,532142
2018/7/2,81.5,81.9,81,81.05,4176,340342
2018/7/3,81.3,81.95,80.6,81.15,5024,407797
2018/7/4,81.15,81.6,81.1,81.4,1746,142005
2018/7/5,81.45,81.45,80.6,80.75,3119,252502
2018/7/6,81.1,81.15,80.2,80.95,5351,431771
2018/7/9,81.75,82.45,81.55,82.25,9041,742124
2018/7/10,82.65,82.8,82.35,82.45,4914,405509
2018/7/11,81.7,81.9,81.3,81.7,3899,317878
2018/7/12,81.6,82.65,81.5,82.65,6883,567291
2018/7/13,83,83.4,82.8,83.35,13662,1135576
2018/7/16,83.3,83.45,83,83,5332,443589
2018/7/17,82.85,82.85,82.4,82.55,2993,247260
2018/7/18,83.15,83.5,82.95,83.05,13174,1096705
2018/7/19,83.1,83.8,83.05,83.3,13218,1104868
2018/7/20,84,84.7,84,84.65,18403,1554789
2018/7/23,84.3,84.75,83.85,84.55,8504,717700
2018/7/24,84.45,84.7,84.15,84.7,5117,432639
2018/7/25,84.05,84.85,84.05,84.75,6352,538152
2018/7/26,84.75,85.25,84.75,85,8471,720309
2018/7/27,85.1,85.75,85.1,85.7,5947,508731
2018/7/30,85.65,85.9,85.4,85.55,3230,276780
2018/7/31,85.35,85.7,85.05,85.55,2740,234041
2018/8/1,85.8,86.2,85.8,86.15,4013,345035
2018/8/2,86.1,86.15,84.85,84.85,4775,408144
2018/8/3,85.4,85.7,85.35,85.55,1225,104806
2018/8/6,85.55,86.1,85.35,85.7,2425,208061
2018/8/7,85.7,85.8,85.4,85.5,1199,102655
2018/8/8,85.8,86.4,85.8,86.15,4075,351307
2018/8/9,86.1,86.25,85.7,86.15,1632,140410
2018/8/10,85.7,86.15,85.65,85.7,1280,109887
2018/8/13,85.05,85.05,83.65,83.95,7285,613593
2018/8/14,84.4,84.6,84.05,84.55,2243,189203
2018/8/15,84.5,84.5,83.45,83.75,4280,358443
2018/8/16,83.25,84.1,83.05,83.8,4533,378663
2018/8/17,83.95,84.15,83.6,83.65,4640,388914
2018/8/20,83.9,84.1,83.7,83.95,3148,264001
2018/8/21,83.9,84.65,83.9,84.55,5023,423888
2018/8/22,84.7,84.85,84.35,84.65,3546,300217
2018/8/23,84.8,85.2,84.6,85.05,3869,328565
2018/8/24,85,85.1,84.45,84.8,2549,216059
2018/8/27,85,85.55,85,85.55,5025,428796
2018/8/28,85.95,86.4,85.95,86.25,8288,714613
2018/8/29,86.45,87.35,86.45,87.25,13384,1164633
2018/8/30,87.8,88.35,87.45,87.55,9894,869371
2018/8/31,87,87,86.45,86.95,4246,368332
2018/9/3,86.95,87.2,86.4,86.45,3670,318490
2018/9/4,86.8,87,86.45,87,2358,204511
2018/9/5,87,87.3,86.7,87,2496,217229
2018/9/6,86.9,86.9,86.2,86.5,1946,168385
2018/9/7,86.2,86.45,86,86.4,2506,216029
2018/9/10,86.6,86.6,85.65,86,5319,457231
2018/9/11,85.95,86,85.4,85.65,19525,1672322
2018/9/12,85.85,85.9,85.25,85.55,18584,1588076
2018/9/13,85.8,85.8,84.9,84.95,20996,1789506
2018/9/14,85.75,86.5,85.6,86.5,8616,741764
2018/9/17,86.5,86.5,85.7,85.85,8989,773024
2018/9/18,85.6,85.7,85.2,85.4,6141,524810
2018/9/19,85.8,86.3,85.7,86.15,6882,591823
2018/9/20,86.45,86.55,85.8,85.9,4151,357139
2018/9/21,86.25,86.85,85.9,86.85,7370,636826
2018/9/25,86.65,87.15,86.6,87.1,7506,652735
2018/9/26,86.9,87,86.75,86.9,8037,698254
2018/9/27,86.6,87.45,86.6,87.35,27800,2423747
2018/9/28,87.35,87.65,86.6,86.9,13202,1151404
2018/10/1,86.9,87.4,86.9,87.35,5914,516131
2018/10/2,87.25,87.25,86,86.05,5434,469382
2018/10/3,86.05,86.3,85.8,85.95,4370,375779
2018/10/4,85.7,85.7,84.8,84.9,9737,827292
2018/10/5,84.5,84.5,83,83.45,26744,2239943
2018/10/8,82.95,83.4,82.5,83,46523,3855480
2018/10/9,83.05,83.4,82.8,83.25,20531,1706529
2018/10/11,80.15,80.15,77.35,77.4,68552,5389808
2018/10/12,77.7,80.05,77.5,80.05,23183,1825995
2018/10/15,79.5,79.5,78.65,79.2,49300,3886740
2018/10/16,79,79.5,78.6,79.3,16687,1319118
2018/10/17,80.45,80.5,79.35,79.4,20309,1623444
2018/10/18,79.5,79.75,78.95,79.15,7988,633218
2018/10/19,78.2,79.3,78,79.3,12064,948109
2018/10/22,78.35,79.55,78,79.2,12453,979041
2018/10/23,78.1,78.6,77.7,77.75,24898,1943501
2018/10/24,77.8,77.95,76.7,77.4,13003,1004569
2018/10/25,75.5,76.2,75.3,75.5,28936,2190855
2018/10/26,76.25,76.45,74.5,75.4,17784,1338505
2018/10/29,75.85,76.1,75.35,75.75,9883,747884
2018/10/30,75.8,76.25,75.5,75.95,6119,464490
2018/10/31,76.6,77.55,76.6,77.55,9898,764367
2018/11/1,77.85,78.45,77.55,78.4,6807,532547
2018/11/2,78.4,78.8,78,78.65,6722,527356
2018/11/5,78.1,78.25,77.6,78.25,4658,363054
2018/11/6,78.45,78.5,77.75,78,6206,483978
2018/11/7,78.2,78.55,78.05,78.4,6195,485644
2018/11/8,79.15,79.4,78.5,78.85,10310,813485
2018/11/9,78.5,78.5,77.65,77.8,36848,2867181
2018/11/12,77.75,78.3,77.55,78,6133,478406
2018/11/13,76.15,77.25,75.7,77.1,10712,819375
2018/11/14,77.25,77.4,77,77.35,6293,486229
2018/11/15,77.5,77.65,76.75,77.6,5694,440513
2018/11/16,77.95,77.95,76.85,76.95,8884,685299
2018/11/19,77.05,77.15,76.6,76.7,7058,541994
2018/11/20,76.4,76.5,75.75,76,8625,656618
2018/11/21,75.3,76.05,74.85,76,15125,1143350
2018/11/22,76.1,76.25,75.6,75.6,5935,450632
2018/11/23,75.7,75.85,75.05,75.35,4041,304440
2018/11/26,75.9,76.95,75.75,76.15,6330,483137
2018/11/27,75.95,76.05,75.2,76.05,7626,576523
2018/11/28,76.15,76.95,75.75,76.9,7550,577452
2018/11/29,77.7,77.95,77.05,77.05,8882,687927
2018/11/30,77.2,77.35,76.75,76.75,4210,324712
2018/12/3,77.85,79,77.8,78.8,13851,1088593
2018/12/4,78.5,78.5,78.1,78.25,4118,322427
2018/12/5,77.1,77.2,76.65,76.65,9636,740545
2018/12/6,75.85,75.85,74.85,75.1,20347,1529965
2018/12/7,75.6,75.75,75.3,75.45,6781,512289
2018/12/10,74.5,74.9,74.45,74.45,13013,970568
2018/12/11,74.5,75.1,74.45,75.05,5316,397658
2018/12/12,75.65,76.25,75.4,76.2,8678,658100
2018/12/13,76.2,76.5,75.95,76.3,6254,476968
2018/12/14,75.8,75.8,74.95,75.35,8781,660321
2018/12/17,75.35,76.05,75.15,75.95,5652,428269
2018/12/18,75.5,75.55,75.05,75.3,7669,577586
2018/12/19,75.5,75.95,75.35,75.9,4497,340690
2018/12/20,75,75.55,75,75.05,9562,718960
2018/12/21,74.95,75.25,74.45,75.2,8481,634702
2018/12/22,74.85,74.85,74.7,74.85,3003,224452
2018/12/24,74.85,75,74.55,74.7,5952,444475
2018/12/25,74.15,74.15,73.3,73.75,12071,888095
2018/12/26,74,74.3,73.5,73.55,8920,658917
2018/12/27,74.8,75.15,74.5,75.05,9615,719359
2018/12/28,75.1,75.5,74.85,75.5,4630,348222
2019/1/2,75.85,75.9,73.95,74.05,8532,636107
2019/1/3,73.8,74,73.25,73.35,13347,981182
2019/1/4,72.8,72.8,72,72.2,21292,1540085
2019/1/7,73.55,74.05,73.25,73.95,14606,1077319
2019/1/8,74.15,74.15,73.55,73.65,11007,811365
2019/1/9,73.95,75.15,73.95,75,11431,855269
2019/1/10,74.8,74.9,74.5,74.8,2823,210938
2019/1/11,75.3,75.75,75.15,75.5,10363,782201
2019/1/14,75.45,75.45,74.75,75,5298,397505
2019/1/15,75.05,75.8,75.05,75.65,11836,894287
2019/1/16,75.65,75.7,75.35,75.55,15343,1159613
2019/1/17,75.6,75.9,75.15,75.55,10021,756877
2019/1/18,75.75,76.1,75.4,75.95,8293,629379
2019/1/21,76.35,76.7,76.25,76.5,10255,784680
2019/1/22,74.4,74.4,73.8,74.05,8839,653814
2019/1/23,74,74,73.65,73.7,6407,472728
2019/1/24,73.95,74.15,73.75,74.05,3501,258833
2019/1/25,74.6,75.1,74.55,75,7321,548116
2019/1/28,75.15,75.45,75.05,75.15,3825,287814
2019/1/29,74.5,74.55,74.2,74.5,4420,328663
2019/1/30,74.5,74.65,74.2,74.35,5255,390864
2019/2/11,75.35,75.65,74.85,75.15,6615,497845
2019/2/12,75.35,75.75,75.35,75.65,6164,465817
2019/2/13,75.95,75.95,75.4,75.5,4158,314194
2019/2/14,75.5,75.75,75.25,75.25,3642,274888
2019/2/15,75.3,75.6,74.9,75.05,3516,264410
2019/2/18,75.5,75.9,75.5,75.65,6596,499575
2019/2/19,75.7,75.7,75.5,75.5,2862,216304
2019/2/20,75.9,76.5,75.9,76.35,34308,2619962
2019/2/21,76.4,77.1,76.4,77.1,18665,1433791
2019/2/22,76.95,76.95,76.5,76.95,9881,758887
2019/2/25,77.35,77.75,77.3,77.5,19365,1501862
2019/2/26,77.65,77.8,77.3,77.7,15903,1234157
2019/2/27,77.7,77.7,77.35,77.65,12907,1000792
2019/3/4,77.55,77.55,76.7,76.95,8470,652787
2019/3/5,76.6,76.9,76.45,76.75,9400,720525
2019/3/6,76.85,77.05,76.75,76.95,19580,1505451
2019/3/7,76.9,77.05,76.6,76.65,18240,1399918
2019/3/8,76.2,76.35,75.8,76,9975,758524
2019/3/11,75.85,76.15,75.7,76.15,4642,352681
2019/3/12,76.85,77.45,76.8,77.25,13857,1070170
2019/3/13,77.05,77.2,76.8,77.1,10149,781685
2019/3/14,77.3,77.4,76.95,77.05,5209,402156
2019/3/15,77.35,77.7,77.15,77.6,11484,890276
2019/3/18,77.75,78.1,77.65,78.1,12219,952368
2019/3/19,78.1,78.4,77.85,78.4,8604,672547
2019/3/20,78.35,78.55,78.2,78.5,11856,929903
2019/3/21,78.8,79.15,78.65,79.15,11341,894798
2019/3/22,79.5,79.7,79.05,79.35,6930,550254
2019/3/25,78.1,78.35,78,78.15,7021,548329
2019/3/26,78.5,78.7,78.4,78.65,2700,212178
2019/3/27,78.45,78.7,78.2,78.5,2556,200669
2019/3/28,78.3,78.6,78.15,78.5,3415,267953
2019/3/29,78.7,79.15,78.25,79.15,5680,448319
2019/4/1,80,80.4,79.6,79.85,11053,886568
2019/4/2,80.1,80.45,80.1,80.15,5605,449896
2019/4/3,80.4,80.45,79.95,80.15,6867,550703
2019/4/8,80.8,81,80.7,80.9,7991,646214
2019/4/9,80.95,81.4,80.85,81.4,15272,1239719
2019/4/10,81.1,81.55,81.1,81.5,10863,883369
2019/4/11,81.35,81.55,80.9,81.15,8272,671920
2019/4/12,81.15,81.3,81,81.1,7498,608347
2019/4/15,81.65,82,81.55,81.85,7636,624772
2019/4/16,81.85,82.15,81.8,82.1,7768,637027
2019/4/17,82.3,82.9,82.3,82.75,23105,1911821
2019/4/18,82.9,83.35,82.45,82.7,20690,1716538
2019/4/19,83.25,83.5,82.7,82.8,12516,1038666
2019/4/22,83,83.1,82.65,82.7,2874,238233
2019/4/23,82.7,83.2,82.55,83.05,6012,498598
2019/4/24,83.4,83.55,82.9,83.2,3109,258856
2019/4/25,83.1,83.45,83,83.4,3529,293891
2019/4/26,82.8,82.8,82.2,82.45,3815,314521
2019/4/29,82.6,82.95,82.5,82.8,3162,261464
2019/4/30,82.8,82.9,82.4,82.8,3248,268471
2019/5/2,82.95,83.45,82.9,83,6156,511743
2019/5/3,83.1,83.8,83.1,83.75,30285,2528094
2019/5/6,82.6,82.6,82.05,82.3,7407,609528
2019/5/7,82.65,83.3,82.65,83.15,14011,1163500
2019/5/8,82.4,82.85,82.25,82.55,13573,1120446
2019/5/9,82.15,82.2,81.25,81.55,6924,565348
2019/5/10,81.55,82.15,80.9,81.5,11794,961017
2019/5/13,81.1,81.1,80.1,80.15,18591,1496425
2019/5/14,79.6,80.05,78.9,79.65,20280,1613492
2019/5/15,79.65,80,79.45,79.75,17262,1376617
2019/5/16,79.5,79.6,79,79.05,17100,1355089
2019/5/17,79.5,79.55,78.25,78.25,23574,1854551
